Foundation_Name,Owner/Founder,Founding_Date,Location,Assets_PHP,No_of_Members,Type_of_Foundation
Kapit-bisig Trust,Juan Bautista,1994-09-04,Makati,802957,15,Religious
Tahanan Center,Maya Gonzales,2018-12-05,Zamboanga City,374776,40,Charitable
Bukas Project,Maria Dela Cruz,1978-05-29,Bacolod,4676412,45,Educational
Tahanan Council,Evelyn Dela Cruz,2020-05-08,Valenzuela,50000,1844,Charitable
Malasakit Foundation for Education,Ruben Cruz,2007-08-21,Iloilo City,5796315,151,Community Development
Gabayan Foundation for Youth,Miguel Magbanua,1970-08-01,Puerto Princesa,946667,367,Arts & Culture
Haraya Fund of Baguio,Pedro Rodriguez,2000-03-13,Antipolo,2982252,40,Research
Tulong Project,Ana Dizon,2000-11-09,Ormoc,779159,55,Charitable
Paglaum Charitable Foundation,Maria Bautista,2011-03-21,Malaybalay,102520,54,Environmental
Pag-asa Help Fund,Antonio Reyes,2019-07-12,Lipa,109931,15,Charitable
Sigla Foundation for Youth - Rodriguez,Ruben Reyes,1974-02-10,Koronadal,50000,122,Charitable
Tahanan Charitable Foundation,Rosa Reyes,1990-11-20,Antipolo,176707,101,Health
Luntiang Alliance,Emilio Navarro,2002-09-24,Paranaque,57993,33,Charitable
Kalinga Foundation for Education of Baguio,Ruben Abalos,1976-05-28,Ormoc,150146,42,Charitable
Kapit-bisig Center,Grace Bautista,1991-12-18,Paranaque,725840,6,Religious
Gabayan Project,Miguel Abalos,2019-12-20,Iloilo City,50000,35,Health
Dangal Fund,Carlos Navarro,1975-01-07,Iloilo City,286201,16,Charitable
Lingap Charitable Foundation,Ramon Mendoza,1994-01-08,Cebu City,545559,30,Health
Kalinga Help Fund,Francis Sison,1998-03-26,Bacolod,828525,168,Community Development
Kapit-bisig Network,Antonio Sison,2011-03-02,Cagayan de Oro,222250,139,Charitable
Tahanan Community Trust of Butuan,Grace Velasco,2022-06-12,Tacloban,301502,19,Community Development
Sigla Initiative - Garcia,Mark Villanueva,1978-02-26,Puerto Princesa,1380301,38,Arts & Culture
Lingap Society,Ana Garcia,1984-05-09,Cabuyao,323645,25,Educational
Haraya Foundation for Youth,Jose Mendoza,2004-03-27,Ormoc,3513772,746,Charitable
Gabayan Council,Miguel Cruz,1971-01-12,Cabuyao,154851,86,Human Rights
Gabay Trust,Ella Sison,2018-03-05,Puerto Princesa,50000,48,Educational
Paglaum Charitable Foundation #27,Daniel Lopez,1980-01-04,Lipa,165939,7,Charitable
Gabayan Foundation of Sorsogon,Rico Bautista,1993-08-18,Iligan,50000,115,Charitable
Tatak Center,Mark Abalos,1979-07-19,Laguna,1374209,6,Community Development
Pag-ibig Society,Daniel Delgado,2024-08-19,Valenzuela,193479,25,Religious
Bagong Fund,Rogelio Fernandez,2018-05-23,Vigan,271916,78,Community Development
Sulong Help Fund,Juan Ortega,1999-01-30,Angeles City,408044,193,Arts & Culture
Sigla Help Fund - Alcantara,Jocelyn Villar,1991-06-26,Davao City,2186417,38,Health
Tahanan Help Fund,Francis Reyes,1977-09-07,Sorsogon,1103684,17,Microfinance
Tulong Charitable Foundation of Malaybalay,Rogelio Garcia,1981-07-09,Koronadal,1280231,16,Educational
Aklat Council,Liza Velasco,2017-05-04,Ormoc,1140481,17,Health
Haraya Initiative,Marisol Cruz,1988-01-18,Bayawan,1947674,58,Community Development
Pag-ibig Project,Ella Navarro,2003-07-03,Iloilo Province,301308,997,Religious
Sulong Network,Ana Torres,1990-02-27,Cebu City,162113,39,Community Development
Makabayan Foundation,Francis Cruz,1990-08-24,Roxas,2957547,118,Health
Tahanan Foundation,Jose Castillo,1975-04-14,Iloilo City,289014,41,Arts & Culture
Lingap Society of Naga,Jose Delgado,1991-05-09,Baguio,280982,27,Charitable
Dangal Network,Roberto Cruz,1981-11-14,Sorsogon,878937,113,Charitable
Aklat Initiative - Magbanua,Lea Magbanua,2006-07-09,Valenzuela,410598,42,Educational
Pag-asa Trust,Ella Aquino,2001-10-14,Tacloban,65961,33,Charitable
Haraya Network,Aileen Bautista,1974-11-11,Cabuyao,50000,34,Charitable
Kapit-bisig Foundation for Education,Ana Santos,2006-02-14,Sorsogon,999461,20,Charitable
Makabayan Charitable Foundation,Aileen Gonzales,1992-04-22,Valenzuela,307905,13,Educational
Gabayan Center of Tacloban,Liza Velasco,2011-07-04,Makati,87105,27,Religious
Tulong Network,Jocelyn Manalo,2019-05-17,Antipolo,132756,43,Educational
Lingap Foundation for Education,Grace Alcantara,1971-04-29,Zamboanga City,133798,28,Educational
Tatak Society,Cristina Fernandez,2006-06-18,Angeles City,100832,12,Charitable
Aklat Initiative,Aileen Mendoza,1975-04-06,Paranaque,920120,18,Educational
Luntiang Foundation,Antonio Velasco,2010-10-27,Lipa,534116,46,Human Rights
Gabay Charitable Foundation - Cruz,Ella Castillo,2013-08-30,Cagayan de Oro,127229,40,Religious
Kalinga Foundation of Roxas,Maya Cruz,1975-06-21,Ilagan,62472,1676,Religious
Makabayan Foundation #57,Maria Salvador,2012-10-10,Iligan,490760,191,Charitable
Sulong Center,Maria Delgado,1977-03-10,Dasmariñas,342145,18,Arts & Culture
Tulong Foundation for Youth,Jose Ramos,1991-02-07,Lucena,50000,14,Charitable
Pag-asa Help Fund #60,Francis Torres,2021-12-09,Ormoc,1333935,21,Educational
Lingap Foundation for Youth,Jose Aquino,2022-05-13,Dipolog,808760,46,Microfinance
Sulong Fund,Marisol Velasco,1988-04-29,Koronadal,291282,23,Religious
Tahanan Alliance of Lucena,Pedro Ramos,1996-11-30,Cavite City,1896160,35,Health
Makabayan Help Fund,Rogelio Abalos,1976-07-05,Manila,787579,41,Arts & Culture
Gabayan Foundation for Youth #65,Francis Gonzales,1976-07-28,Malaybalay,785898,33,Community Development
Paglaum Center - Abalos,Teresa Sison,1976-03-04,Makati,999980,1117,Community Development
Sigla Alliance,Liza Padilla,2018-09-26,Bayawan,211676,33,Charitable
Pag-ibig Foundation for Youth,Jocelyn Navarro,2017-06-15,Manila,188764,578,Charitable
Dangal Society,Grace Villar,1979-04-18,Taguig,533044,136,Educational
Pag-asa Community Trust of Butuan,Pedro Velasco,1995-04-12,Ormoc,50000,46,Educational
Kalinga Community Trust,Ramon Rodriguez,1993-09-07,Iligan,869577,25,Charitable
Aklat Alliance,Rico Abalos,1974-07-23,Zamboanga City,90318,44,Human Rights
Kapit-bisig Project,Carlos Velasco,1973-12-15,Manila,1296969,43,Community Development
Makabayan Charitable Foundation #74,Pedro Navarro,1993-07-02,Paranaque,453795,176,Educational
Gabay Network,Grace Castillo,2008-05-15,Butuan,444809,7,Arts & Culture
Bayan Trust,Jose Sison,1983-05-17,Malaybalay,330660,15,Educational
Bagong Project - Garcia,Maria Villar,2002-09-18,Caloocan,439967,42,Research
Sigla Initiative,Ella Torres,1979-03-23,Batangas City,690360,15,Environmental
Tatak Council,Rico Manalo,2006-06-17,San Fernando,1637337,39,Educational
Gabay Center,Marisol Abalos,1991-03-29,Paranaque,1867013,19,Charitable
Sampaguita Help Fund,Carmen Dela Cruz,1986-02-03,Ilagan,3606654,9,Health
Makabayan Charitable Foundation #82,Marisol Aquino,1992-04-06,Baguio,276820,119,Educational
Sampaguita Charitable Foundation,Ruben Gonzales,2004-04-27,Caloocan,131862,153,Health
Kalinga Society of Cavite City,Teresa Villar,1990-06-02,Iloilo City,379284,8,Research
Bayan Foundation for Education,Roberto Mendoza,1999-06-14,Baguio,181050,174,Educational
Tulong Charitable Foundation,Miguel Dizon,2015-09-14,Lucena,269077,26,Charitable
Dangal Society #87,Grace Lopez,1972-06-23,Pasig,101229,33,Microfinance
Bukas Alliance - Santos,Ana Ortega,2008-12-26,Batangas City,1702685,48,Health
Gabay Charitable Foundation,Ramon Aquino,2024-05-21,Iligan,460008,43,Charitable
Pag-asa Project,Rico Salvador,1987-01-20,General Santos,1163232,30,Charitable
Haraya Foundation of Mandaue,Marisol Magbanua,2018-04-22,Cabuyao,160621,10,Charitable
Gabay Community Trust,Maya Ramos,1987-09-05,Tarlac,956319,11,Religious
Haraya Trust,Ella Abalos,1999-08-16,San Fernando,267038,1182,Community Development
Makabayan Foundation for Education,Aileen Gonzales,1996-12-10,Iligan,266212,46,Environmental
Pag-ibig Foundation for Education,Carmen Lopez,2006-02-06,Tagum,553354,21,Charitable
Pag-ibig Council,Pedro Rodriguez,2007-09-21,Koronadal,332573,144,Educational
Luntiang Foundation for Education,Maya Sison,1985-08-12,San Fernando,1523253,17,Microfinance
Luntiang Council of Manila,Rosa Villar,1988-11-09,Tacloban,1000983,43,Health
Kapit-bisig Fund - Padilla,Emilio Padilla,1989-03-04,Iligan,538271,45,Microfinance
Aklat Charitable Foundation,Rico Magbanua,1985-03-23,Koronadal,1082233,1384,Community Development
Tulong Alliance,Mark Ramos,2025-07-22,Naga,50000,43,Charitable
Tulong Society,Rogelio Torres,1997-11-06,Iloilo City,614297,41,Arts & Culture
Kalinga Center,Juan Santos,1991-12-20,Marikina,368663,1177,Arts & Culture
Kaagapay Society,Rogelio Reyes,2010-11-10,Olongapo,1578795,22,Health
Kalinga Community Trust of Tagum,Antonio Villanueva,2005-11-08,Makati,370716,26,Educational
Bagong Foundation for Education,Ruben Dela Cruz,1979-07-25,Vigan,1406634,33,Religious
Haraya Initiative #107,Liza Magbanua,2016-06-20,Cavite City,457786,5,Charitable
Lingap Council,Cristina Abalos,1980-11-20,Cavite City,454101,201,Environmental
Bagong Charitable Foundation,Emilio Ramos,2017-08-26,Butuan,3687390,23,Environmental
Tatak Help Fund - Padilla,Evelyn Alcantara,2015-04-15,Tacloban,123365,45,Human Rights
Pamana Network,Rico Fernandez,2012-08-02,Iloilo Province,50000,40,Community Development
Tahanan Society of Laguna,Miguel Navarro,2016-10-07,Angeles City,333591,35,Educational
Kapit-bisig Initiative,Miguel Padilla,1976-12-13,Bayawan,254372,19,Health
Pag-ibig Initiative,Miguel Lopez,1998-09-07,Malaybalay,729359,299,Charitable
Tulong Center,Pedro Torres,2004-05-13,Tagum,241553,32,Research
Bagong Community Trust,Roberto Reyes,2007-03-22,Olongapo,213333,33,Community Development
Makabayan Council,Emilio Aquino,1975-08-03,Bacolod,426178,47,Educational
Haraya Project,Rico Navarro,2022-05-27,Tagum,135833,17,Religious
Tatak Foundation for Youth of San Pablo,Lea Dela Cruz,2001-07-23,Mandaluyong,156138,26,Religious
Tatak Project,Aileen Sison,2007-08-05,Malaybalay,863341,73,Charitable
Pamana Charitable Foundation - Ortega,Rico Torres,2013-10-20,Iloilo City,408100,87,Community Development
Paglaum Project,Lea Dela Cruz,2004-11-20,Naga,121833,10,Health
Dangal Foundation for Education,Jocelyn Mendoza,1984-10-22,Cavite City,880142,29,Community Development
Bagong Foundation for Youth,Grace Dela Cruz,2005-05-08,Roxas,242262,42,Health
Bukas Foundation for Education,Juan Reyes,2008-06-14,Taguig,1426031,145,Charitable
Lingap Alliance of San Pablo,Ramon Rodriguez,2010-10-17,Rizal,607744,17,Educational
Makabayan Charitable Foundation #127,Rico Mendoza,1994-12-18,Puerto Princesa,1246842,22,Charitable
Haraya Alliance,Carlos Reyes,2012-03-12,Quezon City,434228,46,Human Rights
Gabay Council,Maria Dizon,1990-02-12,Capiz,175440,200,Community Development
Tulong Charitable Foundation #130,Daniel Santos,1972-10-13,Makati,2473859,977,Community Development
Kalinga Society,Juan Ortega,1983-09-03,Makati,50000,5,Educational
Dangal Trust - Salvador,Roberto Padilla,1992-12-27,Vigan,279651,36,Charitable
Kaagapay Foundation for Youth of Ilagan,Ruben Gonzales,1984-09-10,Mandaluyong,50000,25,Community Development
Pag-asa Foundation for Youth,Juan Abalos,1997-12-27,Dipolog,130102,38,Human Rights
Dangal Help Fund,Antonio Mendoza,1987-10-17,Cebu City,312222,16,Charitable
Bukas Community Trust,Carlos Navarro,1991-10-15,Antipolo,753869,44,Environmental
Malasakit Charitable Foundation,Rosa Manalo,2023-11-13,Pasig,89408,21,Charitable
Bukas Charitable Foundation,Maria Dizon,2017-10-17,Tacloban,820761,31,Community Development
Dangal Fund #139,Jose Delgado,2000-08-12,Manila,85664,12,Community Development
Aklat Trust of Tacloban,Teresa Navarro,2011-03-31,Bayawan,309364,12,Charitable
Bagong Project,Liza Bautista,2016-10-22,Capiz,50000,35,Environmental
Paglaum Foundation for Youth,Jocelyn Abalos,2018-04-13,Vigan,148335,21,Health
Haraya Society - Bautista,Francis Velasco,1998-12-01,Makati,634239,19,Educational
Tulong Alliance #144,Rico Padilla,1991-11-17,Puerto Princesa,371836,29,Community Development
Gabayan Foundation for Youth #145,Evelyn Ramos,2004-01-01,Naga,469925,69,Environmental
Bayan Network,Aileen Lopez,1986-04-25,Angeles City,292507,815,Charitable
Paglaum Fund of Baguio,Rico Ortega,1994-10-14,Butuan,3663774,999,Health
Bayan Council,Roberto Reyes,1991-08-27,Sorsogon,360216,13,Arts & Culture
Haraya Network #149,Grace Navarro,1991-07-24,Tagum,1791247,129,Charitable
Aklat Foundation for Education,Ruben Villanueva,2010-03-17,Quezon City,401267,24,Educational
Tulong Alliance #151,Cristina Mendoza,1991-10-30,Mandaluyong,702190,15,Microfinance
Dangal Foundation for Youth,Teresa Villanueva,2019-08-28,Mandaue,1153464,190,Religious
Sigla Project,Maya Cruz,1999-09-05,Batangas City,728173,134,Environmental
Tahanan Trust - Bautista,Roberto Lopez,1980-09-22,Ilagan,834848,15,Health
Pamana Charitable Foundation,Ruben Fernandez,1987-03-09,Bacolod,98325,80,Charitable
Gabay Network #156,Miguel Bautista,2022-11-23,Puerto Princesa,912773,462,Charitable
Sulong Foundation for Youth,Rosa Gonzales,1987-06-01,Lipa,3403216,26,Educational
Tahanan Fund,Liza Villar,1971-04-09,Bayawan,1190393,9,Health
Pamana Center,Miguel Santos,1974-11-22,Butuan,498113,39,Charitable
Pag-ibig Community Trust,Pedro Navarro,2014-01-15,Antipolo,926299,45,Charitable
Pag-ibig Network of Marikina,Emilio Lopez,1986-07-17,Davao City,1169465,25,Charitable
Paglaum Society,Lea Gonzales,1975-11-12,Lucena,1137077,43,Religious
Aklat Trust,Francis Navarro,1974-10-23,Cagayan de Oro,630652,37,Charitable
Bagong Charitable Foundation #164,Francis Villar,1977-08-23,Makati,552860,43,Research
Tatak Project - Ortega,Evelyn Magbanua,2025-06-25,Iloilo City,208788,37,Community Development
Tatak Council #166,Antonio Padilla,2009-09-20,Mandaluyong,582981,37,Charitable
Bukas Project #167,Rosa Salvador,1975-05-28,San Fernando,5883248,35,Charitable
Tatak Initiative of Laguna,Roberto Velasco,1977-04-14,Paranaque,280174,42,Arts & Culture
Tahanan Center #169,Grace Reyes,1984-01-17,Manila,881022,28,Charitable
Haraya Network #170,Ruben Ortega,2012-02-28,Lipa,398424,33,Charitable
Lingap Initiative,Rosa Castillo,1995-05-14,Tagum,365005,24,Human Rights
Gabayan Trust,Ella Torres,1993-09-25,Laguna,2532906,10,Health
Bukas Foundation for Education #173,Jocelyn Abalos,1987-10-01,Tacloban,969476,145,Environmental
Pag-asa Council,Cristina Navarro,1983-05-15,Baguio,528563,1097,Community Development
Lingap Center of Mandaluyong,Evelyn Bautista,2021-01-24,Lipa,1447624,11,Community Development
Gabayan Community Trust - Villar,Ruben Mendoza,1994-06-04,Iligan,767616,48,Charitable
Pamana Network #177,Emilio Reyes,2023-08-27,Caloocan,2534988,49,Charitable
Haraya Community Trust,Ramon Ortega,1992-06-18,Quezon City,4226621,27,Environmental
Tulong Initiative,Ella Alcantara,2021-08-09,Roxas,232947,21,Environmental
Bayan Charitable Foundation,Ella Alcantara,1994-03-07,Dipolog,494357,28,Environmental
Lingap Charitable Foundation #181,Rogelio Fernandez,2012-03-18,Mandaue,1050640,14,Arts & Culture
Paglaum Center of Roxas,Carmen Navarro,2014-02-11,Zamboanga City,609908,148,Arts & Culture
Aklat Fund,Carmen Lopez,1998-10-21,Koronadal,277898,56,Microfinance
Pag-asa Society,Liza Lopez,2006-12-06,Tagum,1040285,12,Charitable
Aklat Alliance #185,Ella Mendoza,2019-05-09,Caloocan,563761,46,Environmental
Gabayan Trust #186,Ramon Velasco,1999-01-02,Pasig,737308,25,Educational
Sulong Society - Dela Cruz,Ella Manalo,2018-09-05,Cavite City,1269820,721,Community Development
Haraya Foundation,Roberto Delgado,2002-06-16,San Fernando,2232052,15,Charitable
Kapit-bisig Network of Puerto Princesa,Maria Rodriguez,1993-12-16,Butuan,2145721,33,Charitable
Bagong Help Fund,Rosa Padilla,2013-06-27,Pasig,961349,46,Environmental
Bayan Foundation for Education #191,Evelyn Magbanua,1991-06-21,Bayawan,1667069,9,Environmental
Sampaguita Alliance,Grace Dela Cruz,2019-07-19,Olongapo,50000,41,Educational
Tulong Initiative #193,Carlos Abalos,1980-03-06,Cavite City,794149,26,Charitable
Pag-asa Foundation for Education,Carlos Garcia,2014-09-17,Bayawan,3419253,41,Human Rights
Pag-ibig Council #195,Ruben Velasco,2007-04-11,Marikina,2786233,316,Environmental
Gabayan Council of Cagayan de Oro,Antonio Rodriguez,2023-10-10,Iligan,275398,61,Community Development
Gabay Help Fund,Pedro Manalo,1976-04-06,Baguio,1927996,157,Health
Haraya Fund - Abalos,Jocelyn Delgado,1993-12-20,Manila,760542,27,Charitable
Pag-ibig Community Trust #199,Rosa Alcantara,2022-08-28,Roxas,61497,49,Microfinance
Dangal Network #200,Aileen Garcia,2010-01-23,Malaybalay,5034831,89,Community Development
Aklat Fund #201,Ramon Cruz,2018-10-03,San Pablo,50062,9,Microfinance
Gabayan Help Fund,Ramon Manalo,1986-12-04,Tagum,1811335,48,Human Rights
Luntiang Initiative of Vigan,Carmen Santos,1998-07-19,Ilagan,1743370,48,Community Development
Aklat Community Trust,Marisol Magbanua,2004-03-15,San Pablo,293272,425,Charitable
Dangal Charitable Foundation,Carlos Navarro,1983-08-25,Angeles City,223546,20,Environmental
Lingap Center,Mark Salvador,1999-10-14,Antipolo,488434,29,Charitable
Gabayan Trust #207,Mark Abalos,2010-12-29,Manila,98029,45,Environmental
Gabay Center #208,Carmen Manalo,1983-11-07,Cebu City,159860,150,Charitable
Paglaum Fund - Ortega,Ruben Mendoza,1977-03-16,Naga,387306,15,Educational
Pamana Project of Rizal,Daniel Castillo,2013-10-11,Malaybalay,544604,77,Microfinance
Lingap Foundation for Youth #211,Jose Torres,1995-10-13,Iloilo City,150074,679,Educational
Gabay Trust #212,Carmen Gonzales,1979-01-07,Iloilo Province,5401295,54,Community Development
Sampaguita Community Trust,Rosa Sison,1972-08-06,Caloocan,109177,106,Environmental
Makabayan Charitable Foundation #214,Maria Villar,2002-02-28,Tarlac,7911424,34,Environmental
Haraya Center,Cristina Delgado,2006-12-20,Dipolog,192803,1464,Human Rights
Dangal Charitable Foundation #216,Liza Fernandez,1985-09-15,Zamboanga City,2080704,176,Microfinance
Luntiang Foundation for Youth of Cabuyao,Cristina Villanueva,2022-04-26,Cagayan de Oro,366749,34,Health
Tahanan Network,Daniel Velasco,2011-03-26,General Santos,945857,6,Arts & Culture
Dangal Foundation,Rico Magbanua,2011-09-28,Lipa,452966,1665,Charitable
Sampaguita Trust - Padilla,Teresa Salvador,1996-11-02,Laguna,377101,15,Educational
Haraya Community Trust #221,Miguel Padilla,1997-02-07,Valenzuela,514855,174,Microfinance
Luntiang Society,Lea Gonzales,1991-04-13,San Pablo,102703,154,Health
Bukas Fund,Francis Villar,1996-06-27,Quezon City,592598,38,Health
Paglaum Foundation of Dipolog,Aileen Ramos,1974-05-27,Ormoc,316178,37,Community Development
Gabay Network #225,Carlos Sison,1995-09-05,Vigan,197681,1399,Charitable
Tahanan Foundation for Youth,Jocelyn Dizon,1989-08-25,Laguna,248806,5,Health
Kalinga Foundation for Youth,Miguel Ramos,1982-04-09,Laguna,2591485,36,Health
Pag-asa Help Fund #228,Daniel Navarro,1973-07-15,Mandaluyong,2162408,146,Community Development
Gabayan Foundation,Francis Dizon,1981-10-16,Zamboanga City,1390947,27,Charitable
Pag-ibig Fund,Maya Aquino,1985-10-04,Valenzuela,687789,36,Microfinance
Sulong Council - Abalos,Miguel Alcantara,1984-10-05,General Santos,774862,1807,Charitable
Aklat Charitable Foundation #232,Rosa Bautista,2000-05-22,Pasig,548743,11,Charitable
Gabayan Trust #233,Pedro Navarro,1990-03-29,Cabuyao,585121,45,Health
Gabay Foundation for Education,Antonio Manalo,2020-01-01,Tarlac,151741,77,Arts & Culture
Tulong Charitable Foundation #235,Antonio Dela Cruz,1993-09-22,Malaybalay,1556605,46,Charitable
Pag-asa Network,Teresa Ramos,1993-07-09,Roxas,867923,20,Charitable
Luntiang Society #237,Daniel Dizon,1979-09-21,Cabuyao,153215,21,Research
Bayan Foundation for Youth of Butuan,Ramon Abalos,2024-09-25,Iloilo City,624932,16,Charitable
Kapit-bisig Trust #239,Daniel Alcantara,2011-08-27,Tagum,729854,19,Health
Pag-ibig Foundation for Education #240,Carmen Gonzales,1982-07-17,Caloocan,387401,200,Religious
Lingap Alliance,Lea Gonzales,1978-09-20,Makati,463665,42,Environmental
Luntiang Network - Dizon,Ella Bautista,2018-06-19,Olongapo,588633,6,Health
Bukas Community Trust #243,Maya Garcia,2007-03-22,Capiz,743753,24,Health
Pag-asa Society #244,Lea Ortega,2006-08-13,Baguio,127680,33,Human Rights
Sigla Initiative of Iloilo Province,Emilio Torres,2002-07-16,Antipolo,90850,25,Charitable
Dangal Fund #246,Grace Sison,2002-03-07,Davao City,50000,182,Arts & Culture
Luntiang Alliance #247,Roberto Gonzales,2010-10-18,Zamboanga City,787486,112,Charitable
Dangal Initiative,Daniel Navarro,2023-07-29,Quezon City,768667,516,Educational
Lingap Charitable Foundation #249,Ramon Torres,1981-04-19,Dipolog,744563,11,Arts & Culture
Kalinga Trust,Carlos Navarro,2019-09-21,Bacolod,72449,42,Educational
Bukas Initiative,Carlos Manalo,1990-11-26,Naga,634765,28,Educational
Kaagapay Foundation of Baguio,Aileen Garcia,1981-08-30,Malaybalay,252718,5,Community Development
Sampaguita Trust - Ramos,Aileen Dela Cruz,1981-10-28,Manila,593429,24,Charitable
Sigla Charitable Foundation,Jocelyn Torres,2022-10-30,Rizal,3149219,151,Environmental
Bayan Center,Miguel Santos,1981-05-16,Ilagan,342755,7,Microfinance
Haraya Council,Ana Bautista,1975-09-14,Marikina,313250,28,Microfinance
Gabayan Charitable Foundation,Teresa Delgado,2023-04-06,Antipolo,254010,22,Charitable
Gabayan Council #258,Cristina Ortega,1973-11-21,Sorsogon,141975,17,Charitable
Pag-ibig Network of Capiz,Juan Santos,2012-12-21,Lucena,180221,28,Educational
Haraya Foundation for Education,Ana Villanueva,2009-10-17,Cebu City,95612,580,Human Rights
Tulong Fund,Evelyn Garcia,1975-11-23,Taguig,2395284,121,Research
Paglaum Foundation for Youth #262,Daniel Salvador,2019-03-13,Bayawan,142489,15,Community Development
Makabayan Project,Evelyn Delgado,1996-06-16,Cavite City,527472,6,Educational
Haraya Trust - Magbanua,Ruben Gonzales,2019-06-19,Sorsogon,2260515,81,Charitable
Kalinga Project,Emilio Sison,1990-07-02,Olongapo,978671,34,Community Development
Gabayan Project of Olongapo,Maya Gonzales,1998-01-15,Tacloban,59361,36,Arts & Culture
Makabayan Foundation for Education #267,Miguel Dizon,1983-09-11,Cabuyao,57781,13,Religious
Aklat Trust #268,Jose Alcantara,1977-08-29,Zamboanga City,680436,44,Microfinance
Haraya Trust #269,Maya Bautista,2003-06-07,Taguig,67350,42,Arts & Culture
Pamana Foundation,Francis Cruz,2020-05-23,Naga,2179859,21,Charitable
Dangal Trust,Carmen Dizon,2007-12-11,Sorsogon,474919,40,Community Development
Lingap Alliance #272,Evelyn Villar,2001-07-19,Antipolo,390741,30,Educational
Kalinga Center of Koronadal,Lea Torres,1979-09-17,Batangas City,936915,21,Arts & Culture
Pamana Fund,Ana Navarro,1994-12-29,Dipolog,458787,1047,Human Rights
Haraya Society - Cruz,Rogelio Alcantara,2025-01-17,Cabuyao,198368,12,Charitable
Kapit-bisig Council,Juan Ortega,1993-12-29,Quezon City,95525244,31,Charitable
Sampaguita Alliance #277,Ruben Navarro,1997-09-20,Naga,126179,35,Charitable
Sigla Foundation,Liza Manalo,1982-11-08,Dipolog,133778,30,Health
Dangal Project,Jose Garcia,1972-10-01,Zamboanga City,523003,652,Educational
Kalinga Project of Olongapo,Emilio Lopez,1984-02-14,Tarlac,1131392,33,Religious
Pag-ibig Community Trust #281,Ramon Navarro,2020-12-02,Ormoc,277773,49,Arts & Culture
Tulong Help Fund,Maria Garcia,1984-02-15,Puerto Princesa,189126,161,Charitable
Kaagapay Foundation,Ella Reyes,1994-05-31,Iloilo Province,64846,112,Religious
Dangal Project #284,Lea Ortega,2009-08-28,Olongapo,1032842,72,Educational
Paglaum Initiative,Rogelio Delgado,1980-03-18,Batangas City,563066,1182,Environmental
Pag-ibig Foundation for Education - Ramos,Francis Villanueva,2017-04-10,Koronadal,291891,11,Research
Tahanan Project of Ormoc,Maria Dela Cruz,1988-05-04,Mandaluyong,308324,40,Community Development
Kalinga Charitable Foundation,Pedro Navarro,1992-12-03,Lipa,228949,43,Charitable
Makabayan Trust,Juan Villanueva,2008-08-20,Dasmariñas,1060248,32,Environmental
Bagong Project #290,Grace Castillo,1990-08-24,Iligan,1133129,47,Educational
Pamana Society,Ella Magbanua,2001-10-10,Cebu City,433951,40,Charitable
Luntiang Society #292,Maya Santos,2009-02-19,Quezon City,50000,1606,Community Development
Gabayan Help Fund #293,Jose Manalo,1998-02-01,Dipolog,735872,25,Religious
Luntiang Community Trust of Laguna,Carmen Villar,1980-05-02,Lucena,2474709,103,Educational
Bayan Fund,Liza Magbanua,2025-06-15,Cavite City,258815,26,Community Development
Malasakit Help Fund,Teresa Reyes,2009-03-07,Antipolo,2030018,17,Health
Bukas Project - Delgado,Jose Mendoza,1997-11-02,Ilagan,784284,28,Environmental
Makabayan Initiative,Ramon Navarro,1985-01-31,Cebu City,593011,14,Charitable
Sulong Foundation for Education,Ana Delgado,2015-10-02,Valenzuela,1844806,20,Charitable
Tatak Fund,Teresa Bautista,1983-04-02,Makati,81543,43,Research
Paglaum Initiative of Dasmariñas,Evelyn Garcia,1976-10-05,Dasmariñas,861008,39,Research
Tatak Foundation for Education,Lea Padilla,2020-07-29,Puerto Princesa,961187,1340,Health
Bukas Network,Ella Abalos,2020-08-23,Capiz,1469753,831,Community Development
Kapit-bisig Foundation for Youth,Ramon Manalo,1998-05-13,Cagayan de Oro,232389,25,Health
Gabayan Trust #305,Lea Padilla,1997-03-02,Baguio,1911344,13,Charitable
Bukas Foundation,Teresa Delgado,1976-08-28,Mandaluyong,196489,48,Charitable
Gabayan Network,Maria Santos,2003-01-30,Lipa,344098,23,Educational
Sulong Project - Padilla,Francis Cruz,1973-09-06,Iloilo Province,1107906,186,Research
Bukas Foundation for Education #309,Roberto Lopez,2024-04-11,Marikina,1706391,40,Community Development
Sulong Center #310,Maria Padilla,1979-04-15,Naga,638693,41,Community Development
Malasakit Trust,Mark Navarro,1985-06-25,Caloocan,187312,28,Research
Tahanan Community Trust,Emilio Padilla,2017-01-06,Mandaue,1342469,43,Charitable
Kaagapay Center,Teresa Dizon,1995-05-19,San Pablo,2353665,8,Charitable
Haraya Charitable Foundation,Ramon Ramos,2023-08-22,Davao City,9066984,6,Charitable
Makabayan Trust of Naga,Ana Cruz,2004-09-05,Lipa,1393536,17,Community Development
Paglaum Community Trust,Aileen Ramos,2024-01-27,Cagayan de Oro,129955,44,Research
Makabayan Trust #317,Francis Ramos,1982-09-09,Batangas City,3379766,50,Environmental
Pag-ibig Foundation for Education #318,Ruben Ramos,2005-03-01,Taguig,390525,48,Religious
Tulong Alliance - Cruz,Antonio Navarro,1999-06-21,Taguig,647333,13,Charitable
Dangal Community Trust,Carlos Bautista,2017-03-23,Zamboanga City,130142,37,Human Rights
Kapit-bisig Foundation for Education #321,Carmen Delgado,2002-06-18,Quezon City,250068,150,Community Development
Sampaguita Initiative of Naga,Rogelio Villanueva,1987-03-24,Iloilo City,923167,39,Microfinance
Bagong Center,Jose Villar,1979-01-28,Iligan,146651,193,Community Development
Tatak Council #324,Carlos Bautista,2017-03-28,Caloocan,464779,12,Research
Dangal Fund #325,Rico Navarro,2025-06-12,Taguig,124138,32,Charitable
Kaagapay Project,Pedro Fernandez,1986-03-23,Tagum,455860,33,Community Development
Tatak Foundation for Youth,Jocelyn Sison,1984-11-07,Sorsogon,529054,862,Educational
Gabayan Foundation #328,Carmen Dizon,1991-04-24,Iloilo Province,210313,1552,Human Rights
Tatak Community Trust of Iloilo Province,Cristina Cruz,1991-06-17,Mandaluyong,468582,40,Community Development
Kalinga Fund - Ramos,Francis Padilla,2011-06-03,Vigan,315519,27,Community Development
Pag-ibig Charitable Foundation,Antonio Delgado,2017-04-27,Olongapo,1214971,41,Community Development
Sampaguita Society,Roberto Magbanua,2024-03-31,Taguig,50605,28,Educational
Paglaum Foundation,Daniel Villanueva,2003-04-21,Butuan,197227,25,Community Development
Pag-asa Community Trust,Aileen Delgado,1981-03-09,Lipa,317545,142,Charitable
Tulong Charitable Foundation #335,Liza Velasco,2010-04-24,Iligan,805413,147,Community Development
Haraya Trust of Iloilo City,Carlos Padilla,2001-05-13,Quezon City,236509,11,Community Development
Haraya Foundation #337,Antonio Delgado,2003-07-20,Makati,3595857,35,Charitable
Luntiang Trust,Teresa Torres,1972-07-12,Rizal,87797,30,Community Development
Pag-asa Society #339,Ruben Navarro,2000-01-30,Cagayan de Oro,785658,1240,Environmental
Bagong Foundation,Rosa Abalos,2012-05-21,Tagum,453925,10,Educational
Malasakit Network - Padilla,Evelyn Dela Cruz,1977-02-09,Quezon City,283647,14,Community Development
Paglaum Initiative #342,Carlos Garcia,2019-03-28,Sorsogon,161093,29,Charitable
Haraya Trust of Vigan,Rosa Torres,1997-01-07,Pasig,283540,79,Charitable
Lingap Initiative #344,Carmen Navarro,2011-01-04,Cebu City,453537,37,Charitable
Pag-asa Society #345,Rico Villanueva,2023-07-15,Malaybalay,53494,42,Educational
Bayan Foundation for Education #346,Mark Salvador,1991-09-15,Bayawan,412785,23,Community Development
Bagong Alliance,Carmen Dela Cruz,2025-02-27,Batangas City,430763,12,Microfinance
Tahanan Foundation for Youth #348,Carmen Fernandez,1977-09-06,Mandaue,1047662,23,Educational
Sigla Trust,Mark Cruz,2015-07-08,Iligan,4242484,12,Religious
Luntiang Society of Marikina,Maria Navarro,2004-09-16,Tarlac,203992,192,Educational
Paglaum Community Trust #351,Juan Dizon,1976-01-23,Batangas City,468150,12,Microfinance
Dangal Foundation for Education - Gonzales,Rogelio Salvador,1999-10-31,Taguig,82516,7,Health
Lingap Fund,Grace Lopez,1985-09-16,Vigan,3621958,34,Human Rights
Dangal Network #354,Ruben Villanueva,1986-05-09,Taguig,134611,33,Charitable
Tulong Community Trust,Rogelio Padilla,1973-04-26,Lipa,443981,30,Microfinance
Kalinga Foundation,Jocelyn Rodriguez,1973-10-05,Rizal,170927,29,Charitable
Luntiang Society of Malaybalay,Lea Velasco,1973-04-14,Puerto Princesa,579473,155,Microfinance
Kapit-bisig Initiative #358,Rosa Dizon,1974-04-16,Capiz,474574,30,Educational
Makabayan Alliance,Ana Magbanua,2003-01-07,Tacloban,125151,42,Charitable
Luntiang Community Trust,Emilio Sison,2004-09-08,Naga,1380507,193,Environmental
Sampaguita Network,Ruben Villanueva,2002-12-16,Mandaue,511407,9,Arts & Culture
Paglaum Charitable Foundation #362,Jose Bautista,2008-02-01,Zamboanga City,118144,44,Educational
Sampaguita Council - Villar,Ramon Gonzales,1977-03-08,Rizal,1650294,45,Religious
Pag-ibig Network of Ormoc,Ruben Aquino,1984-12-13,Tagum,3229930,41,Health
Gabayan Fund,Emilio Santos,2001-08-18,San Fernando,119722,17,Educational
Haraya Alliance #366,Daniel Magbanua,1975-02-23,Cebu City,437772,46,Health
Dangal Foundation for Education #367,Antonio Dizon,2016-01-12,Ilagan,401169,46,Educational
Dangal Center,Juan Garcia,2024-07-04,Cabuyao,93279,16,Arts & Culture
Gabayan Foundation #369,Pedro Reyes,1991-03-05,Vigan,1297009,154,Charitable
Kapit-bisig Fund,Teresa Mendoza,2020-11-21,Caloocan,1122746,33,Human Rights
Dangal Network of Tarlac,Teresa Padilla,1976-11-24,Dipolog,392102,13,Health
Bagong Council,Teresa Mendoza,1998-03-16,Capiz,349450,39,Arts & Culture
Paglaum Initiative #373,Ana Dela Cruz,1986-09-10,Angeles City,619936,34,Community Development
Pamana Trust - Velasco,Rogelio Velasco,2010-01-14,Bacolod,134929,34,Arts & Culture
Kaagapay Alliance,Ruben Abalos,2014-01-25,Valenzuela,523314,19,Educational
Pag-asa Center,Aileen Reyes,2010-07-22,Dasmariñas,297658,30,Charitable
Malasakit Network,Jose Magbanua,1998-09-03,Koronadal,446477,35,Arts & Culture
Tulong Council of Malaybalay,Rosa Sison,1996-11-28,Paranaque,1279496,28,Educational
Malasakit Community Trust,Marisol Castillo,1985-08-14,Tarlac,98431,107,Educational
Sulong Initiative,Ana Rodriguez,1982-06-17,Makati,137795,13,Community Development
Aklat Foundation,Teresa Cruz,2021-05-05,Tarlac,1715656,116,Arts & Culture
Gabayan Charitable Foundation #382,Grace Garcia,2024-11-25,Zamboanga City,863357,12,Educational
Tulong Alliance #383,Antonio Castillo,2012-12-10,Mandaue,2349118,49,Educational
Haraya Charitable Foundation #384,Carmen Alcantara,2021-07-30,Cebu City,457194,29,Environmental
Gabayan Foundation for Education - Delgado,Teresa Garcia,2019-06-18,Laguna,123658,48,Environmental
Bukas Center,Rogelio Garcia,2008-10-24,Iligan,4980228,14,Educational
Lingap Society #387,Ana Delgado,1983-09-24,Mandaluyong,191027,39,Charitable
Sampaguita Center,Ramon Abalos,1990-03-25,Batangas City,157315,34,Environmental
Sulong Help Fund #389,Rosa Manalo,1977-01-28,General Santos,374114,28,Human Rights
Kalinga Foundation for Education,Grace Velasco,1981-03-25,Laguna,149016,40,Arts & Culture
Pag-ibig Foundation for Youth #391,Grace Reyes,2015-02-02,Capiz,1747902,49,Research
Bukas Center of Paranaque,Ella Ortega,2024-04-16,Naga,406267,32,Religious
Bukas Foundation #393,Carlos Manalo,1972-07-18,Zamboanga City,1921865,19,Educational
Lingap Foundation for Education #394,Rogelio Salvador,1993-09-29,Capiz,219127,517,Health
Kalinga Charitable Foundation #395,Francis Aquino,2025-06-15,Laguna,321223,43,Charitable
Kapit-bisig Council - Villar,Daniel Villar,2013-04-30,Makati,717558,1803,Educational
Dangal Project #397,Rosa Padilla,1976-07-19,Tagum,4135335,18,Environmental
Lingap Center #398,Emilio Aquino,2013-06-11,Cavite City,947041,36,Health
Kaagapay Center of Rizal,Aileen Castillo,1998-08-25,Sorsogon,395926,32,Arts & Culture
Sigla Project #400,Pedro Navarro,2003-03-30,Iligan,109372,144,Environmental
Pamana Trust,Ramon Torres,2011-11-07,Pasig,50000,173,Environmental
Paglaum Network,Cristina Garcia,1978-09-08,Davao City,384650,38,Charitable
Pag-ibig Project #403,Aileen Ortega,2007-07-07,Makati,420917,6,Environmental
Sampaguita Society #404,Ramon Abalos,2021-10-29,Sorsogon,320476,1374,Research
Makabayan Initiative #405,Rogelio Fernandez,2014-09-14,Iligan,220244,20,Community Development
Pag-ibig Network of Quezon City,Jose Mendoza,2015-05-07,Cavite City,735469,50,Charitable
Bukas Fund - Santos,Maria Villar,2014-05-26,Ormoc,611746,13,Charitable
Kapit-bisig Foundation for Education #408,Lea Villar,2018-02-24,Manila,5540400,38,Health
Pag-asa Project #409,Pedro Sison,1993-09-23,Sorsogon,663065,18,Religious
Sigla Charitable Foundation #410,Antonio Dizon,1974-01-22,Lucena,117874,21,Educational
Lingap Foundation for Youth #411,Grace Rodriguez,2002-07-11,Butuan,468118,29,Community Development
Pag-ibig Trust,Antonio Delgado,2010-05-28,Puerto Princesa,633818,16,Community Development
Kaagapay Foundation for Education of San Fernando,Ana Garcia,1978-09-04,Lucena,176298,185,Arts & Culture
Sigla Charitable Foundation #414,Ramon Cruz,2002-10-20,Puerto Princesa,5595746,37,Charitable
Bagong Initiative,Evelyn Delgado,2006-01-04,Iligan,599758,166,Charitable
Lingap Foundation,Maria Garcia,1999-11-18,Marikina,437466,34,Charitable
Sulong Network #417,Pedro Ortega,2016-04-01,Taguig,187427,42,Charitable
Kaagapay Fund - Fernandez,Antonio Ortega,1996-11-05,Roxas,1217374,38,Environmental
Makabayan Council #419,Carlos Delgado,2017-10-04,Angeles City,528209,94,Community Development
Pag-ibig Network of Quezon City #420,Teresa Lopez,1979-11-01,Olongapo,162793,947,Charitable
Bukas Alliance,Jocelyn Sison,1972-05-23,Ormoc,163989,38,Environmental
Aklat Alliance #422,Daniel Magbanua,2021-11-24,Dipolog,444522,25,Religious
Tahanan Community Trust #423,Maria Salvador,2013-02-07,Paranaque,262566,70,Charitable
Sulong Foundation for Education #424,Maya Ortega,2004-02-10,Cagayan de Oro,133409,18,Arts & Culture
Dangal Initiative #425,Maria Salvador,1979-11-11,Valenzuela,1455304,136,Environmental
Bayan Network #426,Ramon Aquino,1983-08-03,Olongapo,2677818,115,Charitable
Haraya Council of Vigan,Evelyn Abalos,2012-04-23,Ilagan,119904,48,Arts & Culture
Gabay Foundation,Ruben Garcia,2016-07-14,Bacolod,66606,48,Charitable
Dangal Network - Delgado,Antonio Lopez,1985-07-15,Cavite City,1510889,42,Community Development
Pamana Fund #430,Grace Dizon,1993-09-19,San Fernando,452365,17,Community Development
Aklat Initiative #431,Cristina Velasco,2020-01-26,Mandaluyong,6688318,40,Charitable
Tahanan Alliance,Rogelio Villar,1988-08-06,Tagum,1392545,20,Environmental
Malasakit Network #433,Ramon Villanueva,2001-04-17,Butuan,797319,44,Charitable
Pag-ibig Trust of Dipolog,Ella Cruz,2004-01-24,Lucena,380258,30,Human Rights
Sigla Charitable Foundation #435,Jocelyn Garcia,1996-01-22,Caloocan,168988,12,Health
Pag-ibig Community Trust #436,Jose Dizon,2009-09-08,Capiz,847619,166,Charitable
Paglaum Community Trust #437,Lea Rodriguez,1988-02-17,Malaybalay,1709962,18,Charitable
Paglaum Help Fund,Grace Castillo,1994-05-15,Taguig,372916,18,Community Development
Pag-asa Foundation for Youth #439,Maya Salvador,1991-06-20,Makati,344687,451,Environmental
Sulong Initiative - Navarro,Cristina Santos,1978-12-28,Olongapo,174278,20,Community Development
Aklat Trust of Cabuyao,Rogelio Garcia,1970-06-19,Butuan,129659,23,Arts & Culture
Sampaguita Project,Daniel Abalos,2012-09-04,Marikina,436524,137,Microfinance
Kapit-bisig Initiative #443,Rogelio Villar,1998-10-25,Lipa,466234,16,Health
Kapit-bisig Foundation,Marisol Navarro,1978-01-10,Capiz,568971,23,Human Rights
Bukas Initiative #445,Grace Bautista,1973-05-07,Dasmariñas,1579320,20,Research
Haraya Help Fund,Carlos Fernandez,1973-04-05,Lucena,313376,38,Religious
Aklat Center,Marisol Bautista,1995-12-21,Caloocan,201744,1777,Arts & Culture
Bukas Foundation for Youth of Antipolo,Marisol Lopez,1995-07-13,Cavite City,363647,14,Health
Kapit-bisig Council #449,Mark Villanueva,1982-01-15,Iligan,321983,152,Community Development
Gabayan Alliance,Roberto Magbanua,1980-02-09,Naga,1044099,142,Health
Gabayan Foundation for Education - Velasco,Ruben Fernandez,1971-04-07,Ilagan,90474,11,Research
Makabayan Charitable Foundation #452,Rosa Salvador,1987-05-01,Dasmariñas,295154,39,Community Development
Kaagapay Society #453,Daniel Sison,2006-05-19,Tacloban,80085,11,Environmental
Sulong Fund #454,Jose Mendoza,1978-07-23,Dasmariñas,539516,47,Educational
Makabayan Help Fund of Makati,Juan Velasco,2004-05-30,Makati,307435,11,Charitable
Gabayan Charitable Foundation #456,Miguel Lopez,1997-02-02,Roxas,129202,6,Religious
Gabay Foundation for Youth,Juan Velasco,2002-04-04,Tagum,486094,23,Community Development
Tahanan Foundation #458,Ella Gonzales,2011-10-03,Mandaluyong,843874,17,Health
Sampaguita Project #459,Ella Delgado,1997-11-25,Tagum,1544255,9,Religious
Pag-asa Foundation for Education #460,Marisol Villar,2002-12-22,San Fernando,2586307,7,Educational
Tahanan Initiative,Pedro Villanueva,1983-09-29,Cavite City,1972981,115,Charitable
Pamana Help Fund - Villanueva,Rogelio Cruz,1989-08-05,Puerto Princesa,523964,38,Educational
Tahanan Foundation for Education,Rogelio Ortega,1977-05-06,Mandaue,203153,69,Educational
Gabayan Council #464,Ruben Dizon,1977-01-03,Dipolog,1513951,12,Educational
Pag-asa Foundation,Carlos Cruz,2015-05-08,Valenzuela,359453,38,Health
Bukas Council,Pedro Fernandez,1999-06-09,Mandaue,345687,24,Charitable
Gabayan Trust #467,Ella Rodriguez,2022-04-26,Angeles City,593095,54,Charitable
Tulong Help Fund #468,Mark Padilla,1974-12-29,Cavite City,1472175,47,Arts & Culture
Haraya Network of Dipolog,Maria Cruz,2011-06-26,Cabuyao,3119726,30,Arts & Culture
Pag-ibig Community Trust #470,Juan Mendoza,1992-10-30,Manila,416450,68,Charitable
Gabay Initiative,Francis Reyes,1974-01-24,Tacloban,339595,44,Environmental
Sigla Community Trust,Jose Cruz,1975-05-29,Cebu City,1349659,27,Health
Pag-ibig Project - Fernandez,Rogelio Garcia,2007-09-18,Tarlac,167069,50,Environmental
Luntiang Network,Aileen Abalos,2003-11-13,San Pablo,721573,48,Charitable
Tulong Foundation for Education,Ella Manalo,2018-05-20,Taguig,230168,33,Environmental
Sigla Trust of Dasmariñas,Grace Mendoza,2017-06-12,Taguig,560451,1925,Research
Gabay Initiative #477,Carlos Dela Cruz,1972-01-15,Mandaluyong,924548,68,Health
Gabayan Foundation for Education,Maya Cruz,2008-01-19,Malaybalay,586004,42,Arts & Culture
Luntiang Society #479,Cristina Torres,2011-04-29,Batangas City,404798,17,Community Development
Bagong Alliance #480,Roberto Abalos,1980-02-15,Caloocan,1285398,146,Community Development
Dangal Project #481,Evelyn Navarro,1971-05-28,Makati,546737,44,Educational
Kalinga Trust #482,Ana Ortega,1973-01-05,Iloilo Province,346048,6,Charitable
Malasakit Society of Davao City,Cristina Bautista,1973-12-20,Lucena,446005,42,Educational
Pamana Initiative - Navarro,Aileen Navarro,1975-01-24,Taguig,128178,11,Community Development
Sulong Alliance,Cristina Alcantara,2021-09-07,Rizal,1422675,28,Community Development
Bukas Foundation for Youth,Rogelio Ramos,1998-10-08,Makati,3645506,42,Human Rights
Pag-ibig Help Fund,Pedro Ramos,2016-10-06,Iloilo City,1083699,23,Environmental
Haraya Alliance #488,Miguel Santos,2019-12-12,Roxas,207224,48,Community Development
Gabay Help Fund #489,Liza Navarro,2008-04-29,Butuan,126208,22,Health
Sigla Foundation for Education of Koronadal,Antonio Magbanua,2017-01-19,Rizal,628794,39,Religious
Malasakit Project,Carmen Garcia,1996-11-26,San Pablo,165013,46,Charitable
Sampaguita Charitable Foundation #492,Grace Villanueva,1991-08-15,Iloilo City,468007,987,Charitable
Pag-ibig Society #493,Ruben Garcia,2011-07-17,Davao City,1135382,39,Environmental
Pamana Project,Carmen Cruz,2017-07-19,Taguig,190829,48,Charitable
Paglaum Initiative - Lopez,Daniel Reyes,2010-05-09,Tarlac,699214,584,Educational
Tulong Council,Maya Alcantara,1987-02-02,Davao City,1170830,731,Arts & Culture
Dangal Foundation for Youth of Ormoc,Maria Manalo,1976-07-12,Valenzuela,564690,17,Environmental
Tatak Foundation for Youth #498,Maya Ramos,2020-02-20,Bacolod,426024,199,Charitable
Aklat Initiative #499,Aileen Abalos,1999-11-15,Mandaluyong,50000,26,Environmental
Bayan Initiative,Marisol Rodriguez,1980-07-11,Ilagan,751144,8,Charitable
Tatak Network,Marisol Torres,2024-03-23,Bayawan,626440,131,Religious
Kalinga Project #502,Marisol Torres,2019-07-13,Rizal,105832,12,Charitable
Tatak Alliance,Antonio Padilla,2017-11-16,Capiz,83074,78,Educational
Paglaum Fund of Iligan,Rico Villanueva,2011-10-23,Antipolo,410356,17,Health
Gabay Network #505,Rogelio Alcantara,1998-09-24,Bacolod,145762,13,Charitable
Haraya Foundation - Salvador,Aileen Torres,1983-02-03,Quezon City,62117,25,Religious
Paglaum Council,Marisol Salvador,2021-12-16,Sorsogon,1128128,33,Charitable
Haraya Alliance #508,Pedro Rodriguez,1999-08-06,Iloilo City,50000,5,Environmental
Luntiang Foundation for Youth,Carlos Torres,2014-10-18,Butuan,117079,99,Charitable
Kapit-bisig Foundation for Education #510,Ramon Velasco,2013-11-02,Sorsogon,275425,21,Educational
Aklat Network of Paranaque,Maya Magbanua,2001-08-06,Paranaque,376207,1507,Charitable
Bagong Community Trust #512,Grace Villanueva,1986-07-06,Malaybalay,865754,48,Educational
Kapit-bisig Foundation #513,Mark Santos,1976-09-01,Koronadal,233788,50,Community Development
Lingap Charitable Foundation #514,Juan Aquino,1982-05-03,Laguna,624270,384,Educational
Tahanan Trust,Ruben Garcia,1970-10-27,Bacolod,971757,17,Community Development
Sulong Network #516,Teresa Santos,2025-06-06,Laguna,495046,1078,Community Development
Kaagapay Help Fund - Villanueva,Ella Villanueva,1971-05-31,Manila,7186273,44,Educational
Haraya Foundation of Quezon City,Mark Bautista,1994-08-25,Malaybalay,745994,643,Charitable
Pag-ibig Foundation,Mark Alcantara,2008-08-18,Dasmariñas,3251416,6,Charitable
Pag-asa Help Fund #520,Ana Delgado,1983-05-12,Makati,479407,24,Health
Kalinga Foundation for Youth #521,Mark Velasco,2001-10-19,Baguio,1261540,31,Microfinance
Luntiang Trust #522,Teresa Mendoza,2011-03-07,Dipolog,799067,9,Educational
Tahanan Community Trust #523,Cristina Villar,1977-03-26,Capiz,496230,29,Arts & Culture
Kapit-bisig Charitable Foundation,Maria Reyes,2006-05-12,San Pablo,324046,1706,Community Development
Aklat Foundation of Laguna,Juan Castillo,1985-05-17,Zamboanga City,359256,17,Arts & Culture
Aklat Society,Carmen Navarro,1999-09-21,Dipolog,194027,25,Community Development
Pag-asa Help Fund #527,Mark Abalos,1973-10-26,Iloilo City,1108596,62,Human Rights
Malasakit Help Fund - Salvador,Lea Velasco,1974-03-06,Cebu City,1642483,37,Charitable
Dangal Help Fund #529,Miguel Sison,2018-09-20,Dipolog,342455,12,Charitable
Dangal Foundation #530,Liza Abalos,1998-03-20,Quezon City,580310,1680,Charitable
Kalinga Foundation for Youth #531,Pedro Navarro,2005-09-25,Cebu City,393015,35,Charitable
Bukas Initiative of Dipolog,Carlos Manalo,2004-11-29,Cabuyao,191637,15,Arts & Culture
Pamana Fund #533,Antonio Navarro,1982-07-22,Tagum,454453,97,Health
Gabay Trust #534,Mark Bautista,2001-01-11,Davao City,913915,43,Charitable
Pag-asa Project #535,Cristina Alcantara,1976-10-26,Naga,205869,7,Arts & Culture
Kaagapay Charitable Foundation,Evelyn Ortega,2005-08-04,Vigan,1137128,13,Community Development
Makabayan Foundation #537,Daniel Velasco,2010-06-03,Angeles City,553893,26,Charitable
Tahanan Fund #538,Grace Mendoza,2008-09-28,Dasmariñas,281915,49,Religious
Tatak Foundation for Youth - Villar,Jocelyn Torres,1976-08-05,Zamboanga City,455693,1188,Community Development
Paglaum Center,Antonio Castillo,1983-11-04,Ilagan,52097,151,Charitable
Luntiang Fund,Teresa Gonzales,1978-03-18,Manila,3518560,34,Community Development
Pag-ibig Network,Teresa Navarro,1994-03-15,Antipolo,179059,8,Microfinance
Bagong Trust,Liza Aquino,2010-04-08,Butuan,2479060,36,Charitable
Pamana Council,Carmen Gonzales,1972-05-10,Zamboanga City,506399,18,Charitable
Sigla Council,Jose Ortega,2023-08-27,Rizal,750216,13,Educational
Pag-ibig Project of San Pablo,Rogelio Reyes,2020-03-13,Makati,171342,11,Arts & Culture
Bukas Council #547,Liza Ramos,2004-02-27,Paranaque,112319,13,Human Rights
Bagong Alliance #548,Rosa Velasco,2014-03-29,Cagayan de Oro,607780,15,Educational
Tulong Center #549,Carmen Velasco,2007-10-12,Mandaluyong,164486,109,Arts & Culture
Tulong Fund - Velasco,Cristina Bautista,2014-06-25,Ormoc,171906,1529,Charitable
Kaagapay Initiative,Emilio Gonzales,1982-02-26,Mandaluyong,215519,145,Arts & Culture
Bayan Project,Ramon Alcantara,2025-08-22,San Pablo,1024179,39,Religious
Makabayan Project of Capiz,Evelyn Garcia,1996-12-14,Rizal,102476,1454,Charitable
Kaagapay Community Trust,Roberto Villanueva,1998-03-10,Dasmariñas,50000,31,Community Development
Luntiang Fund #555,Rosa Bautista,2014-01-19,Dipolog,225783,28,Community Development
Tahanan Fund #556,Antonio Velasco,2005-04-02,Tarlac,395971,38,Religious
Pag-asa Help Fund #557,Francis Rodriguez,2023-02-18,Malaybalay,793471,50,Charitable
Sampaguita Foundation for Education,Rogelio Cruz,1972-05-31,Sorsogon,1491778,47,Microfinance
Gabayan Community Trust,Roberto Padilla,1996-02-20,Tagum,3342884,48,Community Development
Haraya Foundation for Education of Angeles City,Pedro Navarro,1997-03-03,Makati,166145,16,Educational
Bagong Community Trust - Aquino,Jocelyn Mendoza,1976-08-20,Iloilo Province,191618,1276,Environmental
Kaagapay Network,Francis Mendoza,2017-12-10,Iligan,2037658,25,Educational
Malasakit Project #563,Grace Santos,2002-04-04,Tagum,162201,46,Health
Pamana Foundation for Youth,Daniel Abalos,1977-08-16,Antipolo,223171,12,Educational
Tatak Initiative,Ella Ramos,2001-11-06,Paranaque,76025,71,Community Development
Kapit-bisig Foundation for Youth #566,Maria Salvador,2005-11-07,Puerto Princesa,155089,11,Community Development
Haraya Trust of Manila,Ana Velasco,1989-12-01,Iligan,107064,80,Charitable
Gabay Council #568,Grace Salvador,2021-08-10,Iloilo City,1043733,141,Microfinance
Gabayan Fund #569,Antonio Padilla,2022-10-21,Tagum,539024,49,Religious
Sulong Center #570,Teresa Dela Cruz,2013-04-24,Antipolo,54836,7,Community Development
Pag-ibig Project #571,Marisol Reyes,1980-05-31,Sorsogon,1367887,35,Arts & Culture
Pag-ibig Fund - Padilla,Jocelyn Rodriguez,2016-10-01,Marikina,501164,46,Environmental
Sigla Network,Ana Padilla,2010-08-04,Rizal,347392,42,Community Development
Lingap Charitable Foundation of Bayawan,Ana Dela Cruz,2000-10-11,Capiz,3002998,191,Microfinance
Pag-asa Foundation for Education #575,Jocelyn Fernandez,1991-11-19,Mandaue,269757,194,Educational
Sampaguita Council,Liza Lopez,2020-03-24,Tacloban,1025343,20,Community Development
Gabayan Initiative,Jocelyn Mendoza,1986-07-20,Dasmariñas,265791,75,Health
Kapit-bisig Foundation for Education #578,Carmen Mendoza,1972-08-14,Ilagan,187311,166,Environmental
Kaagapay Help Fund,Roberto Padilla,2023-02-17,Tacloban,3168693,35,Environmental
Luntiang Foundation #580,Ruben Rodriguez,1988-06-18,Baguio,85292,146,Community Development
Tulong Foundation for Youth of Antipolo,Jocelyn Manalo,2018-03-02,Dasmariñas,144828,13,Educational
Sigla Fund,Roberto Padilla,1980-03-23,General Santos,1367480,35,Community Development
Aklat Council - Navarro,Ramon Ortega,2004-11-12,San Fernando,893078,28,Community Development
Luntiang Foundation for Youth #584,Ana Dizon,2001-07-30,Cavite City,290763,33,Charitable
Kaagapay Center #585,Carlos Ramos,1996-09-07,San Fernando,415102,863,Research
Bukas Trust,Ella Garcia,1998-02-05,Pasig,235373,1970,Charitable
Tahanan Alliance #587,Ana Fernandez,2003-06-29,Tagum,50000,148,Environmental
Luntiang Project of Ormoc,Pedro Salvador,2004-06-04,Tacloban,275757,1380,Religious
Sampaguita Network #589,Daniel Cruz,1985-07-17,Butuan,1442761,16,Educational
Sampaguita Network #590,Rosa Garcia,1986-10-14,Rizal,750460,18,Charitable
Gabayan Foundation for Youth #591,Maria Manalo,2002-03-18,Manila,453921,27,Community Development
Aklat Center #592,Roberto Alcantara,2004-06-12,Butuan,2192730,11,Charitable
Sulong Foundation for Education #593,Lea Aquino,2014-02-11,Olongapo,1993016,36,Charitable
Gabayan Network - Fernandez,Jose Salvador,1972-10-08,Puerto Princesa,315232,42,Community Development
Lingap Alliance of Iloilo City,Grace Villar,1985-02-02,Vigan,1137349,34,Educational
Gabayan Foundation for Youth #596,Maya Navarro,2014-06-09,Butuan,261106,55,Research
Sulong Trust,Francis Gonzales,1994-01-13,Vigan,398799,6,Arts & Culture
Pamana Society #598,Teresa Cruz,1973-09-25,Puerto Princesa,2243327,7,Educational
Gabay Network #599,Grace Rodriguez,2008-02-22,Antipolo,986935,23,Charitable
Gabay Society,Daniel Navarro,1992-03-17,Mandaluyong,685618,35,Human Rights
Lingap Network,Miguel Dizon,1977-10-21,Iloilo Province,977158,47,Charitable
Tahanan Initiative of Ilagan,Francis Castillo,2001-06-16,Bayawan,6773393,84,Arts & Culture
Kaagapay Foundation for Education,Carmen Fernandez,2025-04-12,Taguig,982256,38,Environmental
Kalinga Society #604,Roberto Magbanua,1975-04-30,Dipolog,240338,174,Community Development
Paglaum Foundation for Youth - Cruz,Liza Lopez,1996-04-03,Lipa,484531,24,Arts & Culture
Bukas Alliance #606,Aileen Delgado,1978-07-18,Taguig,2660507,514,Religious
Tatak Charitable Foundation,Carmen Abalos,1975-04-27,Baguio,815633,39,Environmental
Kapit-bisig Center #608,Ruben Manalo,1981-11-27,Makati,948983,9,Community Development
Makabayan Society of Makati,Rogelio Alcantara,2005-03-26,Angeles City,2229527,27,Charitable
Bagong Foundation for Youth #610,Daniel Velasco,2007-03-01,San Pablo,429866,40,Charitable
Gabayan Trust #611,Daniel Magbanua,1978-05-09,Lucena,2391076,25,Arts & Culture
Sulong Community Trust,Miguel Castillo,2003-02-10,Cavite City,194571,23,Educational
Aklat Fund #613,Francis Dela Cruz,1978-05-11,Sorsogon,1408350,25,Health
Gabayan Foundation for Education #614,Ella Castillo,2002-02-20,Cebu City,182917,33,Environmental
Pamana Project #615,Roberto Aquino,1989-01-02,Angeles City,2110880,129,Health
Bukas Center - Salvador,Aileen Villanueva,2000-11-02,Cabuyao,141766,17,Environmental
Tatak Foundation,Maria Gonzales,2011-03-26,Quezon City,50000,41,Community Development
Pag-asa Help Fund #618,Aileen Fernandez,2009-08-04,Cavite City,335879,142,Educational
Bayan Project #619,Roberto Castillo,1981-11-01,Capiz,375214,197,Arts & Culture
Pag-ibig Center,Aileen Abalos,1994-08-02,Zamboanga City,227260,972,Educational
Kapit-bisig Fund #621,Miguel Reyes,2003-05-12,Koronadal,436799,41,Educational
Kapit-bisig Center #622,Maria Mendoza,1997-05-29,Sorsogon,53026,33,Charitable
Tahanan Project of Capiz,Jose Castillo,1978-07-16,Manila,778418,12,Charitable
Kalinga Network,Jose Garcia,2023-04-06,Iloilo City,905820,37,Charitable
Sulong Foundation for Education #625,Emilio Dela Cruz,1970-09-22,Tagum,7454484,33,Health
Makabayan Society,Ana Manalo,2007-11-21,Tagum,563667,45,Community Development
Tulong Initiative - Mendoza,Jose Bautista,1979-03-11,Antipolo,191673,14,Charitable
Makabayan Fund,Rico Villar,1982-04-21,San Pablo,622906,39,Charitable
Tatak Society #629,Rogelio Manalo,1981-12-11,Capiz,328181,48,Environmental
Tulong Council of Dipolog,Juan Ortega,1984-09-21,Iloilo Province,115659,13,Arts & Culture
Sigla Community Trust #631,Roberto Navarro,1983-08-01,Olongapo,1729183,47,Microfinance
Kaagapay Foundation for Education #632,Emilio Manalo,1989-06-28,Zamboanga City,1423686,170,Health
Pag-asa Center #633,Rogelio Gonzales,2022-11-23,Sorsogon,304969,18,Educational
Luntiang Fund #634,Carmen Lopez,1982-07-18,Makati,765186,132,Charitable
Paglaum Foundation for Education,Jose Torres,2019-08-25,Ormoc,61815,544,Charitable
Kaagapay Community Trust #636,Evelyn Villar,1972-05-28,Koronadal,689196,46,Charitable
Sulong Foundation for Youth of Iligan,Roberto Bautista,2005-02-22,Lipa,195455,139,Charitable
Tahanan Network - Mendoza,Ana Torres,2014-10-27,Laguna,10266685,39,Charitable
Kaagapay Trust,Mark Sison,1971-01-31,Tarlac,1992959,161,Health
Makabayan Center,Antonio Manalo,2020-12-28,Olongapo,736546,23,Educational
Sigla Council #641,Ella Fernandez,2012-04-04,Vigan,226064,28,Microfinance
Tulong Foundation,Francis Reyes,1971-03-28,General Santos,560453,164,Health
Kalinga Foundation #643,Marisol Santos,2005-09-14,Iligan,2616796,91,Arts & Culture
Malasakit Council of Vigan,Carmen Aquino,2006-02-02,Zamboanga City,407912,34,Charitable
Kapit-bisig Council #645,Grace Ortega,1983-09-13,Baguio,252517,18,Community Development
Tulong Alliance #646,Jose Delgado,1988-03-25,Cagayan de Oro,368339,162,Environmental
Pamana Fund #647,Antonio Salvador,1975-12-07,Mandaluyong,87764,12,Community Development
Malasakit Project #648,Maya Manalo,1991-05-30,Davao City,82657,73,Health
Haraya Trust - Padilla,Evelyn Ortega,1974-12-09,Mandaluyong,2989831,20,Environmental
Dangal Community Trust #650,Ella Bautista,1985-10-04,Pasig,654869,34,Environmental
Bagong Community Trust of Manila,Liza Villanueva,2001-02-07,Mandaue,1484374,50,Charitable
Sulong Charitable Foundation,Carlos Bautista,1993-04-05,Paranaque,138736,1176,Charitable
Sigla Center,Maya Navarro,1994-02-10,Sorsogon,471614,24,Human Rights
Pag-asa Charitable Foundation,Rico Dela Cruz,2000-01-21,Tacloban,1478720,1426,Environmental
Paglaum Council #655,Jose Velasco,2021-09-25,Laguna,1679318,1300,Community Development
Tulong Network #656,Emilio Delgado,2002-04-23,Davao City,1196532,105,Environmental
Aklat Society #657,Francis Fernandez,2002-12-27,Paranaque,146521,14,Charitable
Pag-asa Help Fund of Dipolog,Ella Bautista,1980-05-07,Iloilo City,412540,100,Religious
Gabay Council #659,Juan Santos,1971-02-07,Makati,4454140,48,Charitable
Sigla Project - Abalos,Pedro Fernandez,1973-03-04,Butuan,585526,908,Charitable
Malasakit Community Trust #661,Daniel Aquino,1990-02-21,Rizal,1542729,10,Health
Tahanan Project,Marisol Bautista,1998-09-14,Baguio,1876163,20,Educational
Tulong Foundation for Youth #663,Teresa Gonzales,2015-01-15,Cabuyao,1390927,7,Microfinance
Lingap Center #664,Cristina Magbanua,2016-04-09,Caloocan,153903,10,Charitable
Gabayan Society of Lipa,Rogelio Manalo,1997-11-15,Rizal,8768980,130,Community Development
Tulong Council #666,Emilio Dela Cruz,2003-02-05,Valenzuela,121915,24,Religious
Pag-ibig Foundation for Youth #667,Jocelyn Villar,1991-10-06,Cavite City,54780,49,Community Development
Sigla Foundation for Youth,Lea Navarro,1987-07-14,Sorsogon,2820979,35,Charitable
Pamana Charitable Foundation #669,Jocelyn Torres,1983-07-05,Manila,1878393,34,Health
Haraya Foundation #670,Cristina Cruz,2001-01-29,Laguna,886078,9,Environmental
Bayan Fund - Dela Cruz,Rogelio Ramos,2003-10-04,Ilagan,1022213,104,Environmental
Pag-asa Initiative of Mandaue,Cristina Aquino,2014-02-21,Davao City,836210,991,Community Development
Bagong Community Trust #673,Miguel Reyes,1973-12-09,Iloilo City,346234,36,Microfinance
Sulong Project,Ruben Sison,2003-06-02,Cavite City,1567735,38,Educational
Gabay Trust #675,Francis Gonzales,2015-05-06,Taguig,580374,182,Religious
Kapit-bisig Society,Antonio Reyes,2023-02-07,Dipolog,160259,1500,Religious
Lingap Project,Ella Garcia,1991-03-30,Lipa,87427,98,Community Development
Paglaum Society #678,Ramon Abalos,2005-04-03,Tagum,335551,67,Human Rights
Makabayan Network of Baguio,Cristina Reyes,1988-03-09,Taguig,60418,45,Charitable
Tatak Charitable Foundation #680,Francis Gonzales,1983-12-11,Antipolo,163090,40,Charitable
Sampaguita Network #681,Emilio Lopez,2006-06-21,Pasig,1658002,28,Arts & Culture
Tatak Initiative - Padilla,Rosa Padilla,1993-10-10,Pasig,121919,23,Charitable
Tulong Center #683,Jocelyn Ramos,1997-04-17,Bayawan,57389,49,Charitable
Malasakit Foundation for Youth,Maria Rodriguez,1999-05-30,Cagayan de Oro,125652,48,Charitable
Tulong Community Trust #685,Cristina Dizon,2005-07-20,Iligan,171360,12,Charitable
Pag-ibig Alliance of Dasmariñas,Juan Mendoza,2010-07-27,Butuan,420721,39,Environmental
Gabay Council #687,Cristina Gonzales,2011-06-15,Antipolo,1519782,28,Health
Bagong Trust #688,Juan Santos,1989-12-10,Taguig,2059429,30,Educational
Kalinga Society #689,Antonio Dizon,1977-07-16,Roxas,188573,43,Charitable
Bukas Alliance #690,Marisol Alcantara,1976-09-23,Quezon City,790627,9,Arts & Culture
Tulong Initiative #691,Rico Navarro,2009-10-13,Taguig,535935,48,Arts & Culture
Tulong Help Fund #692,Aileen Alcantara,1999-09-30,Pasig,631601,141,Environmental
Haraya Society - Bautista #693,Antonio Villanueva,1972-08-24,San Pablo,1017747,136,Arts & Culture
Dangal Project #694,Liza Dizon,1989-04-06,Dasmariñas,312707,35,Human Rights
Paglaum Alliance,Emilio Sison,1983-05-03,Caloocan,200016,9,Community Development
Kaagapay Foundation for Youth,Evelyn Torres,1996-06-23,Angeles City,544502,27,Religious
Haraya Help Fund #697,Grace Villanueva,1975-06-22,Zamboanga City,182389,23,Arts & Culture
Paglaum Project #698,Pedro Aquino,1987-11-23,Capiz,241399,198,Human Rights
Sulong Initiative #699,Daniel Magbanua,2018-10-10,Quezon City,1777868,23,Environmental
Malasakit Fund of Marikina,Grace Magbanua,2013-06-25,Batangas City,240309,126,Health
Bukas Council #701,Ramon Mendoza,1994-04-06,Dasmariñas,805836,29,Religious
Bayan Fund #702,Evelyn Torres,1972-08-18,Vigan,299289,35,Research
Paglaum Foundation #703,Jocelyn Villanueva,2017-07-01,Batangas City,2505263,14,Community Development
Tahanan Center - Gonzales,Cristina Ramos,1991-08-21,Baguio,4686727,22,Charitable
Pamana Society #705,Jocelyn Abalos,1975-01-07,Puerto Princesa,308354,147,Charitable
Tahanan Foundation for Youth #706,Aileen Magbanua,2004-11-05,Batangas City,196421,6,Educational
Tahanan Foundation for Youth of Rizal,Jocelyn Bautista,2002-03-10,Roxas,174847,38,Community Development
Bayan Community Trust,Ruben Dizon,2020-12-04,Dipolog,127649,50,Health
Bagong Foundation for Youth #709,Roberto Alcantara,2014-02-28,Malaybalay,272722,1654,Educational
Pag-ibig Center #710,Lea Santos,1978-02-05,Davao City,50000,93,Charitable
Tahanan Foundation for Youth #711,Cristina Dela Cruz,2017-03-25,Marikina,404819,14,Arts & Culture
Bayan Fund #712,Marisol Ortega,1988-01-28,Taguig,428346,42,Arts & Culture
Makabayan Community Trust,Liza Abalos,1999-01-12,Davao City,1490021,14,Human Rights
Bukas Community Trust of Cagayan de Oro,Rogelio Gonzales,2017-03-20,Tarlac,58960,24,Health
Malasakit Foundation for Education - Mendoza,Francis Gonzales,2000-03-12,Mandaluyong,543429,33,Environmental
Makabayan Center #716,Liza Bautista,2009-03-12,Laguna,396455,177,Charitable
Aklat Foundation for Education #717,Ramon Fernandez,2020-06-01,Tagum,326846,1270,Charitable
Kaagapay Charitable Foundation #718,Teresa Torres,2022-11-02,Dasmariñas,282942,17,Environmental
Luntiang Alliance #719,Maya Castillo,1996-06-03,Taguig,105357,27,Educational
Sampaguita Community Trust #720,Juan Castillo,2021-05-23,Lucena,388730,18,Educational
Lingap Center of Ormoc,Ramon Abalos,2024-11-06,Iloilo City,307636,572,Charitable
Kapit-bisig Foundation for Youth #722,Ana Abalos,2014-07-07,Cagayan de Oro,2910551,19,Microfinance
Makabayan Community Trust #723,Jose Torres,2001-02-11,Rizal,105679,28,Community Development
Sampaguita Foundation for Education #724,Rico Reyes,2000-02-14,Iloilo Province,784922,1290,Health
Bayan Alliance,Roberto Torres,1976-01-31,Batangas City,84798,18,Human Rights
Pag-asa Community Trust - Dela Cruz,Maria Mendoza,2009-04-25,Sorsogon,138756,35,Microfinance
Haraya Center #727,Rico Aquino,2014-03-28,San Pablo,185362,45,Arts & Culture
Luntiang Trust of Marikina,Jocelyn Manalo,2021-11-10,Capiz,268048,16,Educational
Tatak Foundation for Education #729,Cristina Fernandez,2010-06-27,Cebu City,56730,34,Charitable
Lingap Alliance #730,Juan Lopez,1993-06-05,Antipolo,328774,44,Community Development
Tulong Fund #731,Liza Sison,2003-09-08,Paranaque,521995,184,Environmental
Gabay Trust #732,Grace Sison,1978-05-09,Naga,135267,23,Arts & Culture
Kaagapay Foundation for Youth #733,Rico Villanueva,1972-10-12,Tacloban,1621970,1963,Research
Kapit-bisig Center #734,Evelyn Sison,2008-12-14,Paranaque,949058,6,Charitable
Makabayan Initiative of Valenzuela,Carmen Castillo,2019-09-18,Sorsogon,274591,5,Health
Gabay Council #736,Miguel Ramos,1995-04-04,Mandaluyong,923808,45,Religious
Lingap Project - Salvador,Grace Alcantara,2014-01-17,Cagayan de Oro,354926,159,Environmental
Lingap Fund #738,Juan Aquino,1977-11-11,Lipa,297989,92,Charitable
Dangal Foundation for Education #739,Evelyn Villanueva,1987-11-30,Antipolo,1089073,65,Educational
Bayan Initiative #740,Liza Navarro,1996-03-07,Zamboanga City,682046,47,Educational
Aklat Society #741,Ana Villar,2005-08-29,Marikina,2736396,8,Arts & Culture
Dangal Alliance of Zamboanga City,Daniel Cruz,2004-10-07,Dasmariñas,384019,26,Community Development
Sigla Help Fund,Antonio Dizon,1986-09-27,Iloilo Province,322410,5,Educational
Lingap Alliance #744,Emilio Padilla,1993-08-19,Iloilo City,483242,22,Arts & Culture
Paglaum Foundation for Youth #745,Maria Garcia,1978-09-04,Zamboanga City,3136059,157,Educational
Dangal Fund #746,Jocelyn Cruz,2007-02-21,Puerto Princesa,2070682,25,Human Rights
Bukas Initiative #747,Grace Santos,2004-09-23,Mandaue,716983,29,Community Development
Dangal Society - Abalos,Lea Salvador,1991-02-21,Marikina,1232135,33,Health
Luntiang Help Fund of Bayawan,Maria Delgado,2021-03-31,Mandaue,280473,44,Environmental
Bukas Foundation for Education #750,Evelyn Garcia,1980-10-16,Puerto Princesa,1355149,263,Educational
Gabayan Center,Liza Rodriguez,1987-04-17,Taguig,172756,710,Educational
Lingap Project #752,Jose Ramos,2009-01-22,Valenzuela,85186,8,Microfinance
Kapit-bisig Center #753,Carlos Ortega,1993-02-19,Rizal,215417,30,Environmental
Gabay Help Fund #754,Jocelyn Reyes,1977-10-22,San Pablo,267563,180,Health
Pamana Project #755,Grace Lopez,1994-10-12,Mandaue,625917,24,Microfinance
Bayan Charitable Foundation of Tagum,Evelyn Salvador,2016-11-18,Olongapo,421402,7,Arts & Culture
Pag-asa Project #757,Pedro Garcia,2020-10-31,Roxas,879598,56,Health
Bukas Charitable Foundation #758,Ana Abalos,1979-06-24,Dipolog,70311,135,Environmental
Pag-ibig Society - Cruz,Rico Dizon,2006-11-12,General Santos,153506,35,Charitable
Luntiang Foundation for Education #760,Lea Salvador,2024-08-19,Marikina,327785,135,Educational
Lingap Center #761,Miguel Mendoza,1982-11-27,San Fernando,66746,7,Community Development
Kaagapay Foundation for Education #762,Ruben Mendoza,1973-06-24,Lucena,149320,444,Religious
Tahanan Foundation of Ilagan,Lea Abalos,1994-02-04,Tarlac,735548,570,Community Development
Bayan Fund #764,Carlos Magbanua,1997-03-10,Mandaluyong,711713,48,Charitable
Paglaum Society #765,Lea Manalo,1978-10-24,Iloilo City,1603436,26,Health
Bagong Alliance #766,Maya Padilla,1998-10-15,Baguio,666655,31,Human Rights
Gabay Project,Evelyn Navarro,1978-01-04,Valenzuela,252009,173,Environmental
Gabayan Initiative #768,Marisol Alcantara,2006-07-13,Ilagan,268071,39,Arts & Culture
Aklat Charitable Foundation #769,Mark Manalo,2003-07-19,Davao City,241982,10,Charitable
Malasakit Council - Mendoza,Pedro Navarro,2017-01-13,Dipolog,240666,1797,Microfinance
Bayan Center #771,Roberto Sison,1988-01-04,Davao City,62955,22,Religious
Tahanan Foundation #772,Emilio Santos,2002-05-01,Bayawan,403259,36,Charitable
Kalinga Alliance,Teresa Alcantara,2011-08-25,Iligan,55512,89,Charitable
Luntiang Foundation for Education #774,Marisol Gonzales,1972-09-28,Makati,245878,17,Health
Sigla Network #775,Evelyn Padilla,1985-12-07,Marikina,440562,18,Health
Bukas Council #776,Teresa Dizon,1984-09-02,General Santos,2389505,33,Charitable
Malasakit Trust of Lipa,Juan Mendoza,1974-06-15,Paranaque,196397,5,Microfinance
Bukas Charitable Foundation #778,Roberto Manalo,1989-11-10,Capiz,354813,8,Research
Tahanan Foundation for Education #779,Roberto Velasco,2006-09-27,Iligan,968609,38,Environmental
Bayan Society,Rogelio Navarro,1970-10-19,Marikina,64355,188,Charitable
Sampaguita Foundation for Youth - Magbanua,Juan Torres,1992-08-23,Ormoc,1004598,1489,Community Development
Pag-ibig Community Trust #782,Ruben Navarro,1994-09-15,Tacloban,211917,18,Environmental
Luntiang Society #783,Teresa Padilla,1992-08-10,Bacolod,405235,31,Arts & Culture
Dangal Council of San Fernando,Antonio Salvador,1979-03-07,Manila,108918,10,Health
Sulong Foundation for Education #785,Carlos Alcantara,2003-07-29,Butuan,622620,42,Educational
Kapit-bisig Foundation for Youth #786,Evelyn Villar,1996-10-11,Cabuyao,50000,106,Community Development
Pag-asa Network #787,Jose Lopez,1994-10-21,Laguna,151545,537,Microfinance
Makabayan Society #788,Miguel Velasco,1996-10-21,Valenzuela,141674,263,Charitable
Bagong Council #789,Rogelio Torres,1975-02-04,Ormoc,93756,36,Health
Luntiang Foundation for Education #790,Ramon Ramos,1982-07-22,Sorsogon,318997,172,Educational
Aklat Alliance of General Santos,Marisol Aquino,2006-04-19,San Pablo,499890,39,Human Rights
Bukas Community Trust - Salvador,Carlos Rodriguez,2000-10-14,Sorsogon,364428,44,Health
Malasakit Initiative,Ella Cruz,2012-09-05,Koronadal,112301,17,Community Development
Sigla Council #794,Rosa Manalo,1985-04-02,Koronadal,51222,29,Community Development
Pamana Center #795,Rosa Gonzales,2012-03-27,Taguig,2130157,16,Educational
Gabay Alliance,Maya Magbanua,2020-02-26,Puerto Princesa,391452,982,Community Development
Sampaguita Foundation for Education #797,Rico Lopez,1978-01-05,Iloilo City,1254726,49,Environmental
Gabay Society of Mandaluyong,Carmen Magbanua,1999-09-22,Tarlac,369330,87,Human Rights
Paglaum Foundation for Youth #799,Rosa Padilla,1980-07-26,Marikina,1393039,39,Health
Lingap Society #800,Daniel Salvador,2022-01-23,San Fernando,647629,46,Community Development
Tulong Network #801,Rico Rodriguez,2014-11-25,Pasig,688430,1800,Educational
Dangal Project #802,Mark Villar,2007-01-23,Davao City,70001,13,Educational
Kalinga Fund - Aquino,Francis Sison,2011-01-19,Cagayan de Oro,314729,9,Health
Makabayan Society #804,Ruben Fernandez,1977-04-02,Angeles City,1267294,41,Microfinance
Sampaguita Fund of Laguna,Maria Dela Cruz,2010-07-22,Baguio,120229,33,Environmental
Kalinga Charitable Foundation #806,Rogelio Fernandez,2021-09-13,Puerto Princesa,106283,76,Charitable
Sampaguita Network #807,Jocelyn Navarro,1977-11-24,Taguig,1577238,29,Health
Kaagapay Project #808,Daniel Aquino,2006-03-11,Tacloban,50000,40,Educational
Aklat Project,Juan Santos,2017-11-20,Valenzuela,1842699,42,Health
Gabay Fund,Juan Sison,1998-11-28,Puerto Princesa,1768111,326,Health
Sulong Initiative #811,Juan Ramos,1970-05-16,Laguna,689423,115,Environmental
Tahanan Community Trust of Batangas City,Rosa Garcia,1979-03-20,San Pablo,50000,91,Educational
Sulong Foundation for Youth #813,Rosa Fernandez,1975-11-10,Caloocan,1394218,161,Charitable
Gabayan Community Trust - Delgado,Evelyn Delgado,2000-04-23,Tacloban,722162,12,Arts & Culture
Dangal Center #815,Ramon Sison,2013-12-23,Batangas City,1304933,32,Health
Tatak Initiative #816,Liza Abalos,2006-03-11,Quezon City,80204,45,Charitable
Tahanan Initiative #817,Maya Garcia,1988-12-12,Sorsogon,240192,49,Community Development
Bayan Foundation for Youth,Mark Fernandez,1981-01-18,Tarlac,50000,69,Charitable
Lingap Project of Laguna,Miguel Navarro,2017-12-22,San Fernando,468058,165,Community Development
Lingap Foundation for Youth #820,Maria Ramos,1979-09-13,Capiz,3895824,19,Arts & Culture
Bayan Foundation,Ruben Gonzales,2007-05-23,Iloilo Province,57288,59,Community Development
Luntiang Trust #822,Grace Velasco,2012-07-24,Tagum,346023,11,Educational
Bagong Initiative #823,Ruben Ramos,1970-11-01,Mandaluyong,279697,16,Arts & Culture
Haraya Foundation for Education #824,Ana Ramos,2016-09-05,Baguio,1600180,49,Community Development
Malasakit Center - Aquino,Carlos Sison,1979-05-31,Iligan,978366,19,Microfinance
Pag-asa Alliance of Pasig,Jocelyn Gonzales,2014-08-27,Valenzuela,169427,157,Environmental
Kaagapay Initiative #827,Rogelio Velasco,2016-12-07,Valenzuela,63477,40,Charitable
Sigla Community Trust #828,Carmen Villar,1984-05-22,Caloocan,314263,11,Health
Pamana Network #829,Marisol Rodriguez,2013-02-14,Naga,389206,35,Health
Tahanan Foundation #830,Juan Ramos,1977-12-26,Pasig,159746,37,Community Development
Bukas Foundation for Education #831,Lea Garcia,1978-01-30,Vigan,117050,35,Community Development
Sulong Trust #832,Maya Bautista,1979-02-02,General Santos,328795,19,Environmental
Gabayan Alliance of General Santos,Emilio Santos,1978-12-15,Dasmariñas,345031,170,Health
Lingap Society #834,Rosa Dizon,1998-01-20,Tacloban,420083,20,Environmental
Gabay Trust #835,Ana Manalo,1974-02-12,Manila,300869,48,Arts & Culture
Kapit-bisig Center - Lopez,Teresa Sison,2009-04-09,San Fernando,139408,33,Environmental
Paglaum Help Fund #837,Maya Reyes,2003-06-07,Naga,50000,43,Arts & Culture
Sampaguita Trust,Antonio Mendoza,2010-12-16,Baguio,1412295,87,Charitable
Luntiang Community Trust #839,Aileen Villanueva,2007-11-02,Capiz,50112,8,Environmental
Bagong Community Trust of Sorsogon,Maria Manalo,1984-04-20,Antipolo,219012,26,Microfinance
Haraya Help Fund #841,Francis Villanueva,2021-01-16,Cabuyao,408079,47,Educational
Gabayan Center #842,Evelyn Mendoza,2002-03-04,San Fernando,3351781,138,Arts & Culture
Bayan Society #843,Ella Sison,1981-09-21,Marikina,856808,34,Religious
Aklat Trust #844,Rico Aquino,2009-07-15,Caloocan,441779,25,Community Development
Tulong Alliance #845,Daniel Lopez,1971-02-10,Bayawan,1279761,42,Community Development
Dangal Council,Rogelio Bautista,2021-09-25,Sorsogon,1404047,121,Community Development
Sulong Council - Castillo,Ruben Ortega,1978-07-18,Tacloban,350404,22,Educational
Dangal Community Trust #848,Cristina Villanueva,2001-01-07,Koronadal,4500951,59,Educational
Dangal Foundation for Education #849,Antonio Garcia,2020-02-03,San Fernando,564666,14,Arts & Culture
Lingap Foundation #850,Daniel Abalos,1984-01-30,Iligan,1092163,37,Community Development
Aklat Society #851,Lea Manalo,1984-11-02,Cebu City,942911,41,Community Development
Tatak Network #852,Ramon Torres,1999-09-08,Baguio,213876,145,Charitable
Lingap Council #853,Cristina Cruz,2003-12-21,Lucena,1471055,261,Charitable
Gabayan Network of Dipolog,Emilio Reyes,2014-09-20,Iloilo Province,867567,20,Religious
Makabayan Trust #855,Lea Bautista,1971-08-06,Antipolo,74079,22,Human Rights
Luntiang Project,Maria Cruz,2019-04-06,Manila,410499,18,Microfinance
Tulong Charitable Foundation #857,Evelyn Ortega,1997-04-30,Iligan,350037,44,Community Development
Kapit-bisig Foundation for Education - Padilla,Ramon Dizon,1974-11-14,Iloilo City,1644612,19,Environmental
Gabayan Fund #859,Grace Navarro,2025-08-08,Ormoc,68261,6,Charitable
Aklat Community Trust #860,Ella Dizon,2010-08-07,Pasig,178186,157,Religious
Dangal Initiative of Manila,Ramon Dizon,1996-03-12,Butuan,381477,50,Community Development
Sulong Fund #862,Ruben Gonzales,1974-02-09,Paranaque,537209,10,Environmental
Aklat Center #863,Carlos Castillo,2006-09-18,Antipolo,405686,16,Arts & Culture
Paglaum Foundation for Youth #864,Roberto Rodriguez,1980-10-31,Lucena,68785,39,Research
Kalinga Network #865,Carlos Magbanua,1987-02-05,Bayawan,50000,1966,Charitable
Makabayan Trust #866,Rogelio Aquino,1974-03-04,Laguna,2236783,32,Community Development
Dangal Foundation for Youth #867,Ana Navarro,2010-06-02,Cavite City,1805388,159,Educational
Sulong Center of Angeles City,Juan Delgado,1974-05-11,Butuan,111443,41,Educational
Bukas Network - Abalos,Mark Navarro,1985-11-24,Tagum,743704,23,Charitable
Bukas Center #870,Maya Alcantara,1981-07-08,Antipolo,3727211,111,Health
Luntiang Foundation for Education #871,Evelyn Ortega,1998-11-16,Iligan,99373,31,Health
Luntiang Project #872,Evelyn Abalos,1992-04-09,Baguio,63516,147,Community Development
Luntiang Fund #873,Rosa Padilla,1981-12-19,Taguig,680755,26,Charitable
Haraya Foundation for Youth #874,Ruben Sison,2015-12-17,Mandaluyong,1185249,17,Charitable
Makabayan Community Trust of Ilagan,Marisol Cruz,1989-07-01,Valenzuela,277587,64,Community Development
Kalinga Foundation for Youth #876,Ruben Villar,2000-12-23,Cabuyao,67836,114,Religious
Bagong Community Trust #877,Daniel Fernandez,2015-03-17,Malaybalay,1236413,92,Charitable
Malasakit Foundation for Education #878,Ramon Castillo,1980-05-09,Puerto Princesa,4093822,188,Research
Sigla Council #879,Lea Salvador,2021-03-12,Koronadal,543688,553,Charitable
Dangal Community Trust - Sison,Carlos Cruz,1995-08-27,Tacloban,1489092,46,Environmental
Bayan Council #881,Ana Dela Cruz,2004-03-03,Cagayan de Oro,536665,27,Educational
Lingap Initiative of Baguio,Rogelio Magbanua,1984-06-09,Lipa,60466,38,Educational
Dangal Alliance,Pedro Alcantara,1975-07-26,Tagum,106683,34,Charitable
Pag-ibig Initiative #884,Rogelio Cruz,1972-11-24,Batangas City,235239,185,Community Development
Gabayan Trust #885,Evelyn Manalo,2020-05-29,Iloilo City,220460,23,Research
Gabay Foundation for Education #886,Grace Mendoza,1991-04-26,Iligan,452190,49,Arts & Culture
Malasakit Alliance,Ruben Ramos,1974-03-20,San Pablo,633841,1702,Charitable
Luntiang Project #888,Jocelyn Ramos,1998-01-19,Butuan,3648700,16,Environmental
Gabay Alliance of Valenzuela,Evelyn Manalo,2009-10-01,Iloilo City,264515,22,Educational
Kapit-bisig Community Trust,Ruben Navarro,2002-12-29,Puerto Princesa,103510,10,Health
Gabay Foundation for Youth - Rodriguez,Rogelio Bautista,1987-05-12,Lipa,177383,73,Religious
Gabayan Center #892,Ella Reyes,1986-10-10,Dasmariñas,427297,32,Environmental
Gabay Council #893,Ana Mendoza,1973-08-24,Tacloban,221217,7,Educational
Paglaum Council #894,Miguel Garcia,1984-06-09,Roxas,160669,183,Community Development
Paglaum Foundation #895,Ramon Padilla,1983-11-21,Caloocan,192896,37,Charitable
Makabayan Foundation for Youth of Davao City,Rogelio Abalos,2025-03-25,Koronadal,1243294,29,Educational
Pag-ibig Network #897,Jocelyn Salvador,2019-05-11,Batangas City,277507,22,Environmental
Tulong Charitable Foundation #898,Ruben Lopez,2017-02-19,Iloilo City,278260,38,Charitable
Sampaguita Council #899,Jose Magbanua,2015-04-27,Paranaque,323703,26,Health
Haraya Council #900,Grace Mendoza,1978-04-01,Batangas City,340347,38,Health
Tahanan Help Fund #901,Roberto Ramos,1999-10-11,Naga,468700,16,Microfinance
Kalinga Charitable Foundation - Ortega,Mark Villanueva,2020-05-11,Puerto Princesa,1885932,43,Educational
Pag-asa Foundation for Education of Batangas City,Emilio Torres,2025-01-21,San Fernando,50000,1194,Microfinance
Tahanan Foundation #904,Ella Sison,1998-10-17,San Pablo,258340,90,Arts & Culture
Pag-asa Project #905,Miguel Cruz,1995-05-17,Quezon City,961262,9,Educational
Sulong Society,Rogelio Dizon,2016-02-21,Iligan,2882765,16,Health
Gabayan Network #907,Maria Villar,1987-04-10,Rizal,372206,24,Arts & Culture
Sulong Trust #908,Ana Fernandez,2018-04-07,Malaybalay,482242,416,Community Development
Bayan Foundation for Education #909,Jose Rodriguez,1989-02-15,Cabuyao,549434,47,Charitable
Pag-asa Initiative of Malaybalay,Carlos Castillo,2009-01-17,Capiz,105898,29,Religious
Tulong Community Trust #911,Ella Garcia,1972-02-18,Cavite City,175470,21,Environmental
Malasakit Fund,Maria Reyes,1976-07-28,Davao City,354279,170,Research
Paglaum Council - Reyes,Francis Alcantara,1990-06-04,General Santos,3958714,23,Educational
Haraya Project #914,Emilio Navarro,2006-04-14,Tacloban,169602,826,Community Development
Makabayan Foundation #915,Antonio Ramos,1980-08-12,Malaybalay,50000,1062,Religious
Bayan Foundation for Education #916,Maya Ortega,1975-09-04,Puerto Princesa,1116567,12,Educational
Lingap Community Trust of Cebu City,Teresa Abalos,2015-02-10,Antipolo,296126,115,Religious
Pag-ibig Charitable Foundation #918,Ella Villar,2024-06-01,Zamboanga City,1474599,1867,Religious
Pag-ibig Charitable Foundation #919,Marisol Padilla,2004-03-21,Lucena,1344032,27,Arts & Culture
Dangal Foundation #920,Lea Fernandez,2017-11-10,Iloilo City,484436,25,Arts & Culture
Bagong Community Trust #921,Antonio Magbanua,2018-12-17,Lipa,223490,14,Arts & Culture
Kapit-bisig Center #922,Rosa Ramos,2003-06-23,Manila,442000,142,Community Development
Pamana Society #923,Grace Garcia,1981-01-21,Caloocan,3148832,16,Religious
Pamana Trust - Villar,Roberto Bautista,2000-11-06,Bacolod,267892,19,Research
Haraya Help Fund #925,Daniel Manalo,2015-12-26,Cagayan de Oro,99984,9,Religious
Sampaguita Center #926,Cristina Ortega,1992-09-03,Valenzuela,635684,1394,Educational
Pag-asa Center #927,Ella Magbanua,2020-11-23,Davao City,2237495,45,Environmental
Tatak Help Fund,Grace Padilla,2019-04-25,Cebu City,611040,132,Health
Pag-ibig Foundation for Education #929,Jose Velasco,1978-10-23,Valenzuela,1006670,74,Community Development
Gabay Foundation for Youth #930,Lea Lopez,2002-01-15,Taguig,103446,49,Charitable
Tahanan Trust of Lipa,Evelyn Reyes,1987-05-12,Rizal,347736,16,Educational
Aklat Network,Ramon Ortega,1997-06-04,Tagum,95409,196,Community Development
Bukas Center #933,Francis Salvador,2002-09-13,Rizal,1280469,36,Charitable
Haraya Center #934,Juan Lopez,1992-02-01,Iloilo City,1776584,50,Charitable
Kapit-bisig Project - Velasco,Carlos Dizon,1982-01-18,Cabuyao,401070,49,Health
Gabay Fund #936,Rico Villanueva,2011-07-11,Iloilo Province,529562,15,Microfinance
Sigla Charitable Foundation #937,Rosa Villanueva,2019-06-30,Antipolo,1153234,22,Health
Kaagapay Trust of Baguio,Aileen Alcantara,1982-07-24,Malaybalay,1399830,32,Research
Kalinga Alliance #939,Maya Sison,1976-11-10,Sorsogon,701414,28,Community Development
Tulong Help Fund #940,Juan Manalo,2015-07-03,Laguna,1124269,43,Educational
Bayan Society #941,Francis Salvador,2006-05-07,Vigan,1060541,192,Community Development
Bukas Initiative #942,Marisol Santos,2019-06-27,General Santos,1401934,90,Environmental
Pamana Help Fund,Grace Villanueva,1983-05-03,Tarlac,50000,59,Community Development
Luntiang Initiative,Rico Navarro,2022-11-24,Sorsogon,795434,8,Community Development
Gabayan Council of Iligan,Jose Mendoza,2002-08-24,Iligan,254471,40,Educational
Tahanan Society - Magbanua,Evelyn Ramos,1984-11-17,Puerto Princesa,1534394,13,Charitable
Sulong Center #947,Emilio Fernandez,1986-01-27,Dipolog,1057087,1595,Microfinance
Bukas Foundation for Education #948,Aileen Garcia,2013-05-18,Batangas City,162646,1900,Charitable
Lingap Initiative #949,Rogelio Villanueva,1990-10-16,Cebu City,50000,19,Microfinance
Paglaum Fund,Cristina Santos,1988-07-20,Mandaue,471668,158,Community Development
Sigla Project #951,Lea Abalos,2010-10-15,Caloocan,687120,520,Arts & Culture
Makabayan Trust of Bayawan,Mark Navarro,1994-07-15,Ilagan,227841,39,Microfinance
Paglaum Foundation for Youth #953,Grace Salvador,1985-08-06,San Pablo,50000,20,Microfinance
Kapit-bisig Project #954,Teresa Salvador,1976-12-25,Mandaue,237358,22,Community Development
Paglaum Project #955,Marisol Torres,2016-04-29,Lucena,396011,47,Educational
Sigla Society,Aileen Dizon,2013-09-05,Marikina,637488,17,Community Development
Sulong Help Fund - Garcia,Emilio Fernandez,1990-08-20,Cebu City,50000,71,Charitable
Sulong Foundation for Education #958,Miguel Rodriguez,1983-06-25,Dasmariñas,104672,96,Health
Kaagapay Community Trust of Pasig,Ella Torres,2007-03-14,Naga,371703,9,Environmental
Gabay Trust #960,Lea Ramos,2012-12-15,Marikina,425381,102,Arts & Culture
Kalinga Foundation for Youth #961,Liza Navarro,2006-11-12,Quezon City,721818,43,Arts & Culture
Tahanan Foundation #962,Pedro Salvador,2023-02-22,Paranaque,627228,96,Health
Bagong Foundation for Education #963,Mark Santos,2021-05-05,Cagayan de Oro,80804,5,Community Development
Lingap Center #964,Miguel Abalos,1986-02-25,Mandaue,1708051,21,Human Rights
Luntiang Foundation for Youth #965,Francis Navarro,1971-09-03,Sorsogon,80399,5,Charitable
Pag-ibig Trust of Bacolod,Emilio Ortega,2012-04-17,Marikina,35706185,51,Charitable
Sampaguita Initiative,Carlos Aquino,2023-11-27,Cagayan de Oro,843857,184,Charitable
Tatak Center - Ortega,Ella Delgado,1993-09-24,Paranaque,278931,5,Research
Gabay Foundation for Education #969,Ramon Abalos,2010-09-07,Ormoc,669006,13,Health
Bukas Trust #970,Cristina Mendoza,2004-07-31,Taguig,1306555,20,Research
Pag-asa Foundation #971,Roberto Delgado,2015-04-01,Cabuyao,735232,19,Charitable
Haraya Society,Pedro Ortega,1978-08-22,Dasmariñas,612869,168,Charitable
Kaagapay Foundation for Youth of Caloocan,Rico Magbanua,2017-09-04,Iligan,65854,20,Community Development
Tatak Trust,Jose Villanueva,1981-09-10,Ormoc,142712,44,Research
Pamana Society #975,Juan Sison,2008-09-17,Mandaue,209436,552,Educational
Haraya Fund,Aileen Santos,2017-07-14,Tacloban,50000,40,Environmental
Tahanan Charitable Foundation #977,Lea Magbanua,2004-03-15,Batangas City,492571,11,Charitable
Bukas Charitable Foundation #978,Maya Abalos,2021-09-08,Antipolo,524939,6,Human Rights
Paglaum Network - Navarro,Cristina Abalos,1977-07-09,Lipa,753462,1218,Educational
Pamana Project of General Santos,Roberto Dela Cruz,1970-08-22,Dipolog,140088,45,Environmental
Sulong Trust #981,Mark Dela Cruz,2003-08-24,Capiz,1155960,45,Charitable
Kalinga Community Trust #982,Jocelyn Lopez,2006-09-06,Tarlac,945691,24,Research
Pag-asa Center #983,Carmen Navarro,2022-07-08,General Santos,579641,12,Charitable
Paglaum Society #984,Grace Aquino,2020-08-29,Tarlac,1008780,40,Environmental
Kaagapay Alliance #985,Ella Mendoza,1988-04-10,Olongapo,302003,1289,Arts & Culture
Pamana Charitable Foundation #986,Grace Villanueva,1986-01-13,Tarlac,2736804,5,Community Development
Aklat Alliance of Mandaluyong,Francis Dizon,2005-09-19,Ilagan,416972,11,Human Rights
Bagong Society,Aileen Ramos,1980-09-07,Ilagan,253945,166,Environmental
Tahanan Network #989,Jocelyn Castillo,1984-07-07,Antipolo,1752176,28,Community Development
Luntiang Charitable Foundation - Lopez,Jocelyn Cruz,2025-02-01,Tagum,158066,1742,Charitable
Dangal Community Trust #991,Maria Fernandez,2004-11-28,Laguna,55054,25,Environmental
Bayan Charitable Foundation #992,Jose Alcantara,1983-01-15,Marikina,745033,46,Charitable
Kaagapay Project #993,Jose Reyes,1993-08-08,Iloilo City,400382,39,Environmental
Kaagapay Foundation of Sorsogon,Antonio Abalos,2005-12-11,San Fernando,540413,35,Environmental
Kapit-bisig Council #995,Rosa Castillo,2023-08-08,Davao City,253310,16,Human Rights
Tatak Society #996,Liza Navarro,2014-05-09,Iloilo Province,234925,20,Charitable
Bayan Initiative #997,Aileen Ramos,2016-06-26,Lipa,699497,24,Educational
Kalinga Foundation #998,Jocelyn Ortega,2015-10-21,Mandaue,4725316,20,Environmental
Malasakit Initiative #999,Evelyn Fernandez,1973-03-27,Tarlac,50000,75,Human Rights
Tahanan Foundation for Education #1000,Juan Fernandez,1977-10-16,Baguio,196392,149,Community Development
